selected,abbrevref_id,isolabel_ext,abbrev,insert_date,default_abbrev
t,5,CM,cm,2024-07-20,f
t,5,CM-AD,cm;ad,2024-07-20,f
t,5,CM-AD,cm;adamaoua,2024-07-20,f
t,5,CM-AD-Bankim,CM-AD-BKM,2024-07-20,f
t,5,CM-AD-Bankim,CM-BKM,2024-07-20,t
t,5,CM-AD-Bankim,cm;adamaoua;bankim,2024-07-20,f
t,5,CM-AD-Bankim,cm;ad;bkm,2024-07-20,f
t,5,CM-AD-Bankim,cm;ad;bankim,2024-07-20,f
t,5,CM-AD-Banyo,CM-AD-BYO,2024-07-20,f
t,5,CM-AD-Banyo,cm;adamaoua;banyo,2024-07-20,f
t,5,CM-AD-Banyo,cm;ad;byo,2024-07-20,f
t,5,CM-AD-Banyo,CM-BYO,2024-07-20,t
t,5,CM-AD-Banyo,cm;ad;banyo,2024-07-20,f
t,5,CM-AD-Belel,cm;adamaoua;belel,2024-07-20,f
t,5,CM-AD-Belel,cm;ad;bll,2024-07-20,f
t,5,CM-AD-Belel,CM-AD-BLL,2024-07-20,f
t,5,CM-AD-Belel,cm;ad;belel,2024-07-20,f
t,5,CM-AD-Belel,CM-BLL,2024-07-20,t
t,5,CM-AD-Dir,CM-AD-DIR,2024-07-20,f
t,5,CM-AD-Dir,cm;ad;dir,2024-07-20,f
t,5,CM-AD-Dir,CM-DIR,2024-07-20,t
t,5,CM-AD-Dir,cm;adamaoua;dir,2024-07-20,f
t,5,CM-AD-Djohong,cm;adamaoua;djohong,2024-07-20,f
t,5,CM-AD-Djohong,CM-DJG,2024-07-20,t
t,5,CM-AD-Djohong,cm;ad;djg,2024-07-20,f
t,5,CM-AD-Djohong,cm;ad;djohong,2024-07-20,f
t,5,CM-AD-Djohong,CM-AD-DJG,2024-07-20,f
t,5,CM-AD-GalimTignere,CM-GLT,2024-07-20,t
t,5,CM-AD-GalimTignere,cm;adamaoua;galim.tignere,2024-07-20,f
t,5,CM-AD-GalimTignere,cm;ad;glt,2024-07-20,f
t,5,CM-AD-GalimTignere,cm;ad;galim.tignere,2024-07-20,f
t,5,CM-AD-GalimTignere,CM-AD-GLT,2024-07-20,f
t,5,CM-AD-Kontcha,cm;ad;kch,2024-07-20,f
t,5,CM-AD-Kontcha,CM-AD-KCH,2024-07-20,f
t,5,CM-AD-Kontcha,cm;ad;kontcha,2024-07-20,f
t,5,CM-AD-Kontcha,cm;adamaoua;kontcha,2024-07-20,f
t,5,CM-AD-Kontcha,CM-KCH,2024-07-20,t
t,5,CM-AD-Martap,cm;ad;martap,2024-07-20,f
t,5,CM-AD-Martap,CM-AD-MAR,2024-07-20,f
t,5,CM-AD-Martap,cm;adamaoua;martap,2024-07-20,f
t,5,CM-AD-Martap,cm;ad;mar,2024-07-20,f
t,5,CM-AD-Martap,CM-MAR,2024-07-20,t
t,5,CM-AD-MayoBaleo,cm;ad;mayo.baleo,2024-07-20,f
t,5,CM-AD-MayoBaleo,cm;adamaoua;mayo.baleo,2024-07-20,f
t,5,CM-AD-MayoBaleo,CM-AD-MEO,2024-07-20,f
t,5,CM-AD-MayoBaleo,CM-MEO,2024-07-20,t
t,5,CM-AD-MayoBaleo,cm;ad;meo,2024-07-20,f
t,5,CM-AD-MayoDarle,cm;ad;mde,2024-07-20,f
t,5,CM-AD-MayoDarle,cm;adamaoua;mayo.darle,2024-07-20,f
t,5,CM-AD-MayoDarle,cm;ad;mayo.darle,2024-07-20,f
t,5,CM-AD-MayoDarle,CM-AD-MDE,2024-07-20,f
t,5,CM-AD-MayoDarle,CM-MDE,2024-07-20,t
t,5,CM-AD-Mbe,cm;ad;mbe,2024-07-20,f
t,5,CM-AD-Mbe,cm;adamaoua;mbe,2024-07-20,f
t,5,CM-AD-Mbe,CM-MBE,2024-07-20,t
t,5,CM-AD-Mbe,CM-AD-MBE,2024-07-20,f
t,5,CM-AD-Meiganga,cm;ad;meiganga,2024-07-20,f
t,5,CM-AD-Meiganga,cm;adamaoua;meiganga,2024-07-20,f
t,5,CM-AD-Meiganga,cm;ad;mei,2024-07-20,f
t,5,CM-AD-Meiganga,CM-AD-MEI,2024-07-20,f
t,5,CM-AD-Meiganga,CM-MEI,2024-07-20,t
t,5,CM-AD-NganHa,cm;adamaoua;ngan.ha,2024-07-20,f
t,5,CM-AD-NganHa,CM-AD-NHA,2024-07-20,f
t,5,CM-AD-NganHa,cm;ad;ngan.ha,2024-07-20,f
t,5,CM-AD-NganHa,CM-NHA,2024-07-20,t
t,5,CM-AD-NganHa,cm;ad;nha,2024-07-20,f
t,5,CM-AD-Ngaoui,cm;ad;ngaoui,2024-07-20,f
t,5,CM-AD-Ngaoui,CM-AD-NGO,2024-07-20,f
t,5,CM-AD-Ngaoui,cm;ad;ngo,2024-07-20,f
t,5,CM-AD-Ngaoui,CM-NGO,2024-07-20,t
t,5,CM-AD-Ngaoui,cm;adamaoua;ngaoui,2024-07-20,f
t,5,CM-AD-Ngaoundal,CM-AD-NDL,2024-07-20,f
t,5,CM-AD-Ngaoundal,cm;ad;ndl,2024-07-20,f
t,5,CM-AD-Ngaoundal,CM-NDL,2024-07-20,t
t,5,CM-AD-Ngaoundal,cm;adamaoua;ngaoundal,2024-07-20,f
t,5,CM-AD-Ngaoundal,cm;ad;ngaoundal,2024-07-20,f
t,5,CM-AD-NgaoundereI,cm;adamaoua;ngaoundere.i,2024-07-20,f
t,5,CM-AD-NgaoundereI,CM-AD-NG1,2024-07-20,f
t,5,CM-AD-NgaoundereI,cm;ad;ng1,2024-07-20,f
t,5,CM-AD-NgaoundereI,cm;ad;ngaoundere.i,2024-07-20,f
t,5,CM-AD-NgaoundereI,CM-NG1,2024-07-20,t
t,5,CM-AD-NgaoundereIi,CM-NG2,2024-07-20,t
t,5,CM-AD-NgaoundereIi,cm;ad;ng2,2024-07-20,f
t,5,CM-AD-NgaoundereIi,CM-AD-NG2,2024-07-20,f
t,5,CM-AD-NgaoundereIi,cm;adamaoua;ngaoundere.ii,2024-07-20,f
t,5,CM-AD-NgaoundereIi,cm;ad;ngaoundere.ii,2024-07-20,f
t,5,CM-AD-NgaoundereIii,CM-NG3,2024-07-20,t
t,5,CM-AD-NgaoundereIii,cm;adamaoua;ngaoundere.iii,2024-07-20,f
t,5,CM-AD-NgaoundereIii,CM-AD-NG3,2024-07-20,f
t,5,CM-AD-NgaoundereIii,cm;ad;ng3,2024-07-20,f
t,5,CM-AD-NgaoundereIii,cm;ad;ngaoundere.iii,2024-07-20,f
t,5,CM-AD-Nyambaka,CM-AD-NBK,2024-07-20,f
t,5,CM-AD-Nyambaka,cm;ad;nyambaka,2024-07-20,f
t,5,CM-AD-Nyambaka,CM-NBK,2024-07-20,t
t,5,CM-AD-Nyambaka,cm;adamaoua;nyambaka,2024-07-20,f
t,5,CM-AD-Nyambaka,cm;ad;nbk,2024-07-20,f
t,5,CM-AD-Tibati,cm;ad;tib,2024-07-20,f
t,5,CM-AD-Tibati,cm;adamaoua;tibati,2024-07-20,f
t,5,CM-AD-Tibati,CM-TIB,2024-07-20,t
t,5,CM-AD-Tibati,cm;ad;tibati,2024-07-20,f
t,5,CM-AD-Tibati,CM-AD-TIB,2024-07-20,f
t,5,CM-AD-Tignere,cm;ad;tignere,2024-07-20,f
t,5,CM-AD-Tignere,cm;ad;tig,2024-07-20,f
t,5,CM-AD-Tignere,CM-TIG,2024-07-20,t
t,5,CM-AD-Tignere,CM-AD-TIG,2024-07-20,f
t,5,CM-AD-Tignere,cm;adamaoua;tignere,2024-07-20,f
t,5,CM-CE,cm;ce,2024-07-20,f
t,5,CM-CE,cm;centre,2024-07-20,f
t,5,CM-CE-Afanloum,CM-AFA,2024-07-20,t
t,5,CM-CE-Afanloum,cm;centre;afanloum,2024-07-20,f
t,5,CM-CE-Afanloum,cm;ce;afa,2024-07-20,f
t,5,CM-CE-Afanloum,CM-CE-AFA,2024-07-20,f
t,5,CM-CE-Afanloum,cm;ce;afanloum,2024-07-20,f
t,5,CM-CE-Akoeman,CM-CE-AKM,2024-07-20,f
t,5,CM-CE-Akoeman,cm;ce;akoeman,2024-07-20,f
t,5,CM-CE-Akoeman,cm;centre;akoeman,2024-07-20,f
t,5,CM-CE-Akoeman,CM-AKM,2024-07-20,t
t,5,CM-CE-Akoeman,cm;ce;akm,2024-07-20,f
t,5,CM-CE-Akono,CM-AKN,2024-07-20,t
t,5,CM-CE-Akono,CM-CE-AKN,2024-07-20,f
t,5,CM-CE-Akono,cm;ce;akn,2024-07-20,f
t,5,CM-CE-Akono,cm;ce;akono,2024-07-20,f
t,5,CM-CE-Akono,cm;centre;akono,2024-07-20,f
t,5,CM-CE-Akonolinga,cm;ce;akonolinga,2024-07-20,f
t,5,CM-CE-Akonolinga,CM-CE-AKL,2024-07-20,f
t,5,CM-CE-Akonolinga,cm;ce;akl,2024-07-20,f
t,5,CM-CE-Akonolinga,cm;centre;akonolinga,2024-07-20,f
t,5,CM-CE-Akonolinga,CM-AKL,2024-07-20,t
t,5,CM-CE-Awae,CM-AWA,2024-07-20,t
t,5,CM-CE-Awae,CM-CE-AWA,2024-07-20,f
t,5,CM-CE-Awae,cm;centre;awae,2024-07-20,f
t,5,CM-CE-Awae,cm;ce;awae,2024-07-20,f
t,5,CM-CE-Awae,cm;ce;awa,2024-07-20,f
t,5,CM-CE-Ayos,CM-AYO,2024-07-20,t
t,5,CM-CE-Ayos,CM-CE-AYO,2024-07-20,f
t,5,CM-CE-Ayos,cm;centre;ayos,2024-07-20,f
t,5,CM-CE-Ayos,cm;ce;ayos,2024-07-20,f
t,5,CM-CE-Ayos,cm;ce;ayo,2024-07-20,f
t,5,CM-CE-Bafia,cm;centre;bafia,2024-07-20,f
t,5,CM-CE-Bafia,cm;ce;bai,2024-07-20,f
t,5,CM-CE-Bafia,cm;ce;bafia,2024-07-20,f
t,5,CM-CE-Bafia,CM-CE-BAI,2024-07-20,f
t,5,CM-CE-Bafia,CM-BAI,2024-07-20,t
t,5,CM-CE-Batchenga,CM-CE-BNA,2024-07-20,f
t,5,CM-CE-Batchenga,cm;ce;bna,2024-07-20,f
t,5,CM-CE-Batchenga,CM-BNA,2024-07-20,t
t,5,CM-CE-Batchenga,cm;centre;batchenga,2024-07-20,f
t,5,CM-CE-Batchenga,cm;ce;batchenga,2024-07-20,f
t,5,CM-CE-Bibey,cm;ce;bib,2024-07-20,f
t,5,CM-CE-Bibey,CM-CE-BIB,2024-07-20,f
t,5,CM-CE-Bibey,cm;centre;bibey,2024-07-20,f
t,5,CM-CE-Bibey,CM-BIB,2024-07-20,t
t,5,CM-CE-Bibey,cm;ce;bibey,2024-07-20,f
t,5,CM-CE-Bikok,CM-BKK,2024-07-20,t
t,5,CM-CE-Bikok,CM-CE-BKK,2024-07-20,f
t,5,CM-CE-Bikok,cm;ce;bikok,2024-07-20,f
t,5,CM-CE-Bikok,cm;ce;bkk,2024-07-20,f
t,5,CM-CE-Bikok,cm;centre;bikok,2024-07-20,f
t,5,CM-CE-Biyouha,CM-CE-BIY,2024-07-20,f
t,5,CM-CE-Biyouha,cm;centre;biyouha,2024-07-20,f
t,5,CM-CE-Biyouha,cm;ce;biyouha,2024-07-20,f
t,5,CM-CE-Biyouha,cm;ce;biy,2024-07-20,f
t,5,CM-CE-Biyouha,CM-BIY,2024-07-20,t
t,5,CM-CE-Bokito,cm;centre;bokito,2024-07-20,f
t,5,CM-CE-Bokito,cm;ce;bok,2024-07-20,f
t,5,CM-CE-Bokito,cm;ce;bokito,2024-07-20,f
t,5,CM-CE-Bokito,CM-BOK,2024-07-20,t
t,5,CM-CE-Bokito,CM-CE-BOK,2024-07-20,f
t,5,CM-CE-Bondjock,cm;ce;bdk,2024-07-20,f
t,5,CM-CE-Bondjock,cm;centre;bondjock,2024-07-20,f
t,5,CM-CE-Bondjock,cm;ce;bondjock,2024-07-20,f
t,5,CM-CE-Bondjock,CM-BDK,2024-07-20,t
t,5,CM-CE-Bondjock,CM-CE-BDK,2024-07-20,f
t,5,CM-CE-BotMakak,CM-CE-BMK,2024-07-20,f
t,5,CM-CE-BotMakak,cm;centre;bot.makak,2024-07-20,f
t,5,CM-CE-BotMakak,cm;ce;bmk,2024-07-20,f
t,5,CM-CE-BotMakak,CM-BMK,2024-07-20,t
t,5,CM-CE-BotMakak,cm;ce;bot.makak,2024-07-20,f
t,5,CM-CE-Deuk,cm;ce;duk,2024-07-20,f
t,5,CM-CE-Deuk,CM-DUK,2024-07-20,t
t,5,CM-CE-Deuk,CM-CE-DUK,2024-07-20,f
t,5,CM-CE-Deuk,cm;centre;deuk,2024-07-20,f
t,5,CM-CE-Deuk,cm;ce;deuk,2024-07-20,f
t,5,CM-CE-Dibang,CM-CE-DAG,2024-07-20,f
t,5,CM-CE-Dibang,cm;ce;dibang,2024-07-20,f
t,5,CM-CE-Dibang,cm;ce;dag,2024-07-20,f
t,5,CM-CE-Dibang,CM-DAG,2024-07-20,t
t,5,CM-CE-Dibang,cm;centre;dibang,2024-07-20,f
t,5,CM-CE-Dzeng,CM-DZE,2024-07-20,t
t,5,CM-CE-Dzeng,cm;ce;dzeng,2024-07-20,f
t,5,CM-CE-Dzeng,cm;ce;dze,2024-07-20,f
t,5,CM-CE-Dzeng,cm;centre;dzeng,2024-07-20,f
t,5,CM-CE-Dzeng,CM-CE-DZE,2024-07-20,f
t,5,CM-CE-Ebebda,CM-CE-EBE,2024-07-20,f
t,5,CM-CE-Ebebda,cm;ce;ebe,2024-07-20,f
t,5,CM-CE-Ebebda,cm;centre;ebebda,2024-07-20,f
t,5,CM-CE-Ebebda,cm;ce;ebebda,2024-07-20,f
t,5,CM-CE-Ebebda,CM-EBE,2024-07-20,t
t,5,CM-CE-Edzendouan,cm;centre;edzendouan,2024-07-20,f
t,5,CM-CE-Edzendouan,CM-EDZ,2024-07-20,t
t,5,CM-CE-Edzendouan,CM-CE-EDZ,2024-07-20,f
t,5,CM-CE-Edzendouan,cm;ce;edz,2024-07-20,f
t,5,CM-CE-Edzendouan,cm;ce;edzendouan,2024-07-20,f
t,5,CM-CE-EligMfomo,CM-CE-ELM,2024-07-20,f
t,5,CM-CE-EligMfomo,cm;centre;elig.mfomo,2024-07-20,f
t,5,CM-CE-EligMfomo,cm;ce;elig.mfomo,2024-07-20,f
t,5,CM-CE-EligMfomo,cm;ce;elm,2024-07-20,f
t,5,CM-CE-EligMfomo,CM-ELM,2024-07-20,t
t,5,CM-CE-Endom,CM-CE-END,2024-07-20,f
t,5,CM-CE-Endom,CM-END,2024-07-20,t
t,5,CM-CE-Endom,cm;centre;endom,2024-07-20,f
t,5,CM-CE-Endom,cm;ce;end,2024-07-20,f
t,5,CM-CE-Endom,cm;ce;endom,2024-07-20,f
t,5,CM-CE-Eseka,CM-CE-ESE,2024-07-20,f
t,5,CM-CE-Eseka,cm;ce;ese,2024-07-20,f
t,5,CM-CE-Eseka,cm;ce;eseka,2024-07-20,f
t,5,CM-CE-Eseka,CM-ESE,2024-07-20,t
t,5,CM-CE-Eseka,cm;centre;eseka,2024-07-20,f
t,5,CM-CE-Esse,CM-CE-ESS,2024-07-20,f
t,5,CM-CE-Esse,cm;centre;esse,2024-07-20,f
t,5,CM-CE-Esse,CM-ESS,2024-07-20,t
t,5,CM-CE-Esse,cm;ce;esse,2024-07-20,f
t,5,CM-CE-Esse,cm;ce;ess,2024-07-20,f
t,5,CM-CE-Evodoula,cm;centre;evodoula,2024-07-20,f
t,5,CM-CE-Evodoula,cm;ce;evo,2024-07-20,f
t,5,CM-CE-Evodoula,CM-CE-EVO,2024-07-20,f
t,5,CM-CE-Evodoula,cm;ce;evodoula,2024-07-20,f
t,5,CM-CE-Evodoula,CM-EVO,2024-07-20,t
t,5,CM-CE-Kiiki,cm;ce;kii,2024-07-20,f
t,5,CM-CE-Kiiki,cm;centre;kiiki,2024-07-20,f
t,5,CM-CE-Kiiki,CM-KII,2024-07-20,t
t,5,CM-CE-Kiiki,CM-CE-KII,2024-07-20,f
t,5,CM-CE-Kiiki,cm;ce;kiiki,2024-07-20,f
t,5,CM-CE-Kobdombo,cm;ce;kob,2024-07-20,f
t,5,CM-CE-Kobdombo,CM-CE-KOB,2024-07-20,f
t,5,CM-CE-Kobdombo,cm;centre;kobdombo,2024-07-20,f
t,5,CM-CE-Kobdombo,CM-KOB,2024-07-20,t
t,5,CM-CE-Kobdombo,cm;ce;kobdombo,2024-07-20,f
t,5,CM-CE-KonYambetta,cm;ce;kon.yambetta,2024-07-20,f
t,5,CM-CE-KonYambetta,cm;centre;kon.yambetta,2024-07-20,f
t,5,CM-CE-KonYambetta,CM-CE-KYA,2024-07-20,f
t,5,CM-CE-KonYambetta,CM-KYA,2024-07-20,t
t,5,CM-CE-KonYambetta,cm;ce;kya,2024-07-20,f
t,5,CM-CE-LembeYezoum,cm;ce;lem,2024-07-20,f
t,5,CM-CE-LembeYezoum,cm;ce;lembe.yezoum,2024-07-20,f
t,5,CM-CE-LembeYezoum,cm;centre;lembe.yezoum,2024-07-20,f
t,5,CM-CE-LembeYezoum,CM-CE-LEM,2024-07-20,f
t,5,CM-CE-LembeYezoum,CM-LEM,2024-07-20,t
t,5,CM-CE-Lobo,CM-LOB,2024-07-20,t
t,5,CM-CE-Lobo,cm;ce;lob,2024-07-20,f
t,5,CM-CE-Lobo,cm;ce;lobo,2024-07-20,f
t,5,CM-CE-Lobo,CM-CE-LOB,2024-07-20,f
t,5,CM-CE-Lobo,cm;centre;lobo,2024-07-20,f
t,5,CM-CE-Makak,cm;centre;makak,2024-07-20,f
t,5,CM-CE-Makak,cm;ce;mkk,2024-07-20,f
t,5,CM-CE-Makak,CM-MKK,2024-07-20,t
t,5,CM-CE-Makak,CM-CE-MKK,2024-07-20,f
t,5,CM-CE-Makak,cm;ce;makak,2024-07-20,f
t,5,CM-CE-Makenene,CM-CE-MNE,2024-07-20,f
t,5,CM-CE-Makenene,cm;ce;makenene,2024-07-20,f
t,5,CM-CE-Makenene,cm;ce;mne,2024-07-20,f
t,5,CM-CE-Makenene,CM-MNE,2024-07-20,t
t,5,CM-CE-Makenene,cm;centre;makenene,2024-07-20,f
t,5,CM-CE-Matomb,CM-CE-MAT,2024-07-20,f
t,5,CM-CE-Matomb,cm;ce;mat,2024-07-20,f
t,5,CM-CE-Matomb,CM-MAT,2024-07-20,t
t,5,CM-CE-Matomb,cm;ce;matomb,2024-07-20,f
t,5,CM-CE-Matomb,cm;centre;matomb,2024-07-20,f
t,5,CM-CE-Mbalmayo,CM-MYO,2024-07-20,t
t,5,CM-CE-Mbalmayo,cm;ce;mbalmayo,2024-07-20,f
t,5,CM-CE-Mbalmayo,CM-CE-MYO,2024-07-20,f
t,5,CM-CE-Mbalmayo,cm;ce;myo,2024-07-20,f
t,5,CM-CE-Mbalmayo,cm;centre;mbalmayo,2024-07-20,f
t,5,CM-CE-Mbandjock,cm;centre;mbandjock,2024-07-20,f
t,5,CM-CE-Mbandjock,CM-MJK,2024-07-20,t
t,5,CM-CE-Mbandjock,CM-CE-MJK,2024-07-20,f
t,5,CM-CE-Mbandjock,cm;ce;mbandjock,2024-07-20,f
t,5,CM-CE-Mbandjock,cm;ce;mjk,2024-07-20,f
t,5,CM-CE-Mbangassina,cm;ce;mbangassina,2024-07-20,f
t,5,CM-CE-Mbangassina,cm;ce;mna,2024-07-20,f
t,5,CM-CE-Mbangassina,CM-MNA,2024-07-20,t
t,5,CM-CE-Mbangassina,CM-CE-MNA,2024-07-20,f
t,5,CM-CE-Mbangassina,cm;centre;mbangassina,2024-07-20,f
t,5,CM-CE-Mbankomo,CM-MKM,2024-07-20,t
t,5,CM-CE-Mbankomo,cm;centre;mbankomo,2024-07-20,f
t,5,CM-CE-Mbankomo,cm;ce;mbankomo,2024-07-20,f
t,5,CM-CE-Mbankomo,cm;ce;mkm,2024-07-20,f
t,5,CM-CE-Mbankomo,CM-CE-MKM,2024-07-20,f
t,5,CM-CE-Mengang,cm;ce;mgg,2024-07-20,f
t,5,CM-CE-Mengang,cm;ce;mengang,2024-07-20,f
t,5,CM-CE-Mengang,CM-CE-MGG,2024-07-20,f
t,5,CM-CE-Mengang,CM-MGG,2024-07-20,t
t,5,CM-CE-Mengang,cm;centre;mengang,2024-07-20,f
t,5,CM-CE-Mengueme,cm;ce;mme,2024-07-20,f
t,5,CM-CE-Mengueme,CM-CE-MME,2024-07-20,f
t,5,CM-CE-Mengueme,CM-MME,2024-07-20,t
t,5,CM-CE-Mengueme,cm;ce;mengueme,2024-07-20,f
t,5,CM-CE-Mengueme,cm;centre;mengueme,2024-07-20,f
t,5,CM-CE-Messondo,cm;ce;mdo,2024-07-20,f
t,5,CM-CE-Messondo,CM-MDO,2024-07-20,t
t,5,CM-CE-Messondo,cm;ce;messondo,2024-07-20,f
t,5,CM-CE-Messondo,CM-CE-MDO,2024-07-20,f
t,5,CM-CE-Messondo,cm;centre;messondo,2024-07-20,f
t,5,CM-CE-Mfou,CM-MFO,2024-07-20,t
t,5,CM-CE-Mfou,CM-CE-MFO,2024-07-20,f
t,5,CM-CE-Mfou,cm;centre;mfou,2024-07-20,f
t,5,CM-CE-Mfou,cm;ce;mfou,2024-07-20,f
t,5,CM-CE-Mfou,cm;ce;mfo,2024-07-20,f
t,5,CM-CE-Minta,cm;ce;minta,2024-07-20,f
t,5,CM-CE-Minta,CM-MIN,2024-07-20,t
t,5,CM-CE-Minta,cm;centre;minta,2024-07-20,f
t,5,CM-CE-Minta,CM-CE-MIN,2024-07-20,f
t,5,CM-CE-Minta,cm;ce;min,2024-07-20,f
t,5,CM-CE-Monatele,CM-MNL,2024-07-20,t
t,5,CM-CE-Monatele,cm;ce;monatele,2024-07-20,f
t,5,CM-CE-Monatele,cm;ce;mnl,2024-07-20,f
t,5,CM-CE-Monatele,cm;centre;monatele,2024-07-20,f
t,5,CM-CE-Monatele,CM-CE-MNL,2024-07-20,f
t,5,CM-CE-NangaEboko,cm;ce;nanga.eboko,2024-07-20,f
t,5,CM-CE-NangaEboko,CM-CE-NEB,2024-07-20,f
t,5,CM-CE-NangaEboko,cm;centre;nanga.eboko,2024-07-20,f
t,5,CM-CE-NangaEboko,cm;ce;neb,2024-07-20,f
t,5,CM-CE-NangaEboko,CM-NEB,2024-07-20,t
t,5,CM-CE-Ndikinimeki,CM-CE-NDI,2024-07-20,f
t,5,CM-CE-Ndikinimeki,cm;centre;ndikinimeki,2024-07-20,f
t,5,CM-CE-Ndikinimeki,cm;ce;ndikinimeki,2024-07-20,f
t,5,CM-CE-Ndikinimeki,cm;ce;ndi,2024-07-20,f
t,5,CM-CE-Ndikinimeki,CM-NDI,2024-07-20,t
t,5,CM-CE-NgambeTikar,cm;centre;ngambe.tikar,2024-07-20,f
t,5,CM-CE-NgambeTikar,cm;ce;ngambe.tikar,2024-07-20,f
t,5,CM-CE-NgambeTikar,cm;ce;ntr,2024-07-20,f
t,5,CM-CE-NgambeTikar,CM-NTR,2024-07-20,t
t,5,CM-CE-NgambeTikar,CM-CE-NTR,2024-07-20,f
t,5,CM-CE-NgogMapubi,cm;ce;ngog.mapubi,2024-07-20,f
t,5,CM-CE-NgogMapubi,CM-CE-NPI,2024-07-20,f
t,5,CM-CE-NgogMapubi,CM-NPI,2024-07-20,t
t,5,CM-CE-NgogMapubi,cm;ce;npi,2024-07-20,f
t,5,CM-CE-NgogMapubi,cm;centre;ngog.mapubi,2024-07-20,f
t,5,CM-CE-Ngomedzap,cm;ce;nap,2024-07-20,f
t,5,CM-CE-Ngomedzap,cm;centre;ngomedzap,2024-07-20,f
t,5,CM-CE-Ngomedzap,CM-NAP,2024-07-20,t
t,5,CM-CE-Ngomedzap,cm;ce;ngomedzap,2024-07-20,f
t,5,CM-CE-Ngomedzap,CM-CE-NAP,2024-07-20,f
t,5,CM-CE-Ngoro,cm;ce;nro,2024-07-20,f
t,5,CM-CE-Ngoro,CM-NRO,2024-07-20,t
t,5,CM-CE-Ngoro,CM-CE-NRO,2024-07-20,f
t,5,CM-CE-Ngoro,cm;ce;ngoro,2024-07-20,f
t,5,CM-CE-Ngoro,cm;centre;ngoro,2024-07-20,f
t,5,CM-CE-Ngoumou,cm;ce;ngoumou,2024-07-20,f
t,5,CM-CE-Ngoumou,CM-CE-NOU,2024-07-20,f
t,5,CM-CE-Ngoumou,cm;ce;nou,2024-07-20,f
t,5,CM-CE-Ngoumou,CM-NOU,2024-07-20,t
t,5,CM-CE-Ngoumou,cm;centre;ngoumou,2024-07-20,f
t,5,CM-CE-Nguibassal,CM-CE-NSL,2024-07-20,f
t,5,CM-CE-Nguibassal,CM-NSL,2024-07-20,t
t,5,CM-CE-Nguibassal,cm;ce;nsl,2024-07-20,f
t,5,CM-CE-Nguibassal,cm;ce;nguibassal,2024-07-20,f
t,5,CM-CE-Nguibassal,cm;centre;nguibassal,2024-07-20,f
t,5,CM-CE-Nitoukou,cm;ce;nitoukou,2024-07-20,f
t,5,CM-CE-Nitoukou,cm;centre;nitoukou,2024-07-20,f
t,5,CM-CE-Nitoukou,CM-NTO,2024-07-20,t
t,5,CM-CE-Nitoukou,CM-CE-NTO,2024-07-20,f
t,5,CM-CE-Nitoukou,cm;ce;nto,2024-07-20,f
t,5,CM-CE-NkolMetet,cm;centre;nkol.metet,2024-07-20,f
t,5,CM-CE-NkolMetet,CM-NTT,2024-07-20,t
t,5,CM-CE-NkolMetet,cm;ce;nkol.metet,2024-07-20,f
t,5,CM-CE-NkolMetet,CM-CE-NTT,2024-07-20,f
t,5,CM-CE-NkolMetet,cm;ce;ntt,2024-07-20,f
t,5,CM-CE-Nkolafamba,CM-NFA,2024-07-20,t
t,5,CM-CE-Nkolafamba,cm;ce;nfa,2024-07-20,f
t,5,CM-CE-Nkolafamba,cm;ce;nkolafamba,2024-07-20,f
t,5,CM-CE-Nkolafamba,cm;centre;nkolafamba,2024-07-20,f
t,5,CM-CE-Nkolafamba,CM-CE-NFA,2024-07-20,f
t,5,CM-CE-Nkoteng,cm;ce;nkoteng,2024-07-20,f
t,5,CM-CE-Nkoteng,CM-NNG,2024-07-20,t
t,5,CM-CE-Nkoteng,CM-CE-NNG,2024-07-20,f
t,5,CM-CE-Nkoteng,cm;centre;nkoteng,2024-07-20,f
t,5,CM-CE-Nkoteng,cm;ce;nng,2024-07-20,f
t,5,CM-CE-Nsem,CM-NSE,2024-07-20,t
t,5,CM-CE-Nsem,cm;ce;nse,2024-07-20,f
t,5,CM-CE-Nsem,cm;centre;nsem,2024-07-20,f
t,5,CM-CE-Nsem,cm;ce;nsem,2024-07-20,f
t,5,CM-CE-Nsem,CM-CE-NSE,2024-07-20,f
t,5,CM-CE-Ntui,cm;ce;ntu,2024-07-20,f
t,5,CM-CE-Ntui,CM-NTU,2024-07-20,t
t,5,CM-CE-Ntui,cm;centre;ntui,2024-07-20,f
t,5,CM-CE-Ntui,CM-CE-NTU,2024-07-20,f
t,5,CM-CE-Ntui,cm;ce;ntui,2024-07-20,f
t,5,CM-CE-Obala,cm;ce;oba,2024-07-20,f
t,5,CM-CE-Obala,cm;centre;obala,2024-07-20,f
t,5,CM-CE-Obala,CM-OBA,2024-07-20,t
t,5,CM-CE-Obala,cm;ce;obala,2024-07-20,f
t,5,CM-CE-Obala,CM-CE-OBA,2024-07-20,f
t,5,CM-CE-Okala,CM-OKO,2024-07-20,t
t,5,CM-CE-Okala,cm;ce;oko,2024-07-20,f
t,5,CM-CE-Okala,cm;ce;okala,2024-07-20,f
t,5,CM-CE-Okala,CM-CE-OKO,2024-07-20,f
t,5,CM-CE-Okala,cm;centre;okala,2024-07-20,f
t,5,CM-CE-Olanguina,cm;ce;ola,2024-07-20,f
t,5,CM-CE-Olanguina,CM-CE-OLA,2024-07-20,f
t,5,CM-CE-Olanguina,cm;centre;olanguina,2024-07-20,f
t,5,CM-CE-Olanguina,cm;ce;olanguina,2024-07-20,f
t,5,CM-CE-Ombessa,cm;centre;ombessa,2024-07-20,f
t,5,CM-CE-Ombessa,cm;ce;omb,2024-07-20,f
t,5,CM-CE-Ombessa,cm;ce;ombessa,2024-07-20,f
t,5,CM-CE-Ombessa,CM-OMB,2024-07-20,t
t,5,CM-CE-Ombessa,CM-CE-OMB,2024-07-20,f
t,5,CM-CE-SaA,cm;centre;sa.a,2024-07-20,f
t,5,CM-CE-SaA,cm;ce;saa,2024-07-20,f
t,5,CM-CE-SaA,cm;ce;sa.a,2024-07-20,f
t,5,CM-CE-SaA,CM-CE-SAA,2024-07-20,f
t,5,CM-CE-SaA,CM-SAA,2024-07-20,t
t,5,CM-CE-Soa,CM-CE-SOA,2024-07-20,f
t,5,CM-CE-Soa,CM-SOA,2024-07-20,t
t,5,CM-CE-Soa,cm;centre;soa,2024-07-20,f
t,5,CM-CE-Soa,cm;ce;soa,2024-07-20,f
t,5,CM-CE-YaoundeI,CM-CE-YE1,2024-07-20,f
t,5,CM-CE-YaoundeI,cm;centre;yaounde.i,2024-07-20,f
t,5,CM-CE-YaoundeI,CM-YE1,2024-07-20,t
t,5,CM-CE-YaoundeI,cm;ce;ye1,2024-07-20,f
t,5,CM-CE-YaoundeI,cm;ce;yaounde.i,2024-07-20,f
t,5,CM-CE-YaoundeIi,CM-CE-YE2,2024-07-20,f
t,5,CM-CE-YaoundeIi,cm;ce;yaounde.ii,2024-07-20,f
t,5,CM-CE-YaoundeIi,cm;ce;ye2,2024-07-20,f
t,5,CM-CE-YaoundeIi,CM-YE2,2024-07-20,t
t,5,CM-CE-YaoundeIi,cm;centre;yaounde.ii,2024-07-20,f
t,5,CM-CE-YaoundeIii,cm;centre;yaounde.iii,2024-07-20,f
t,5,CM-CE-YaoundeIii,CM-YE3,2024-07-20,t
t,5,CM-CE-YaoundeIii,CM-CE-YE3,2024-07-20,f
t,5,CM-CE-YaoundeIii,cm;ce;ye3,2024-07-20,f
t,5,CM-CE-YaoundeIii,cm;ce;yaounde.iii,2024-07-20,f
t,5,CM-CE-YaoundeIv,CM-CE-YE4,2024-07-20,f
t,5,CM-CE-YaoundeIv,CM-YE4,2024-07-20,t
t,5,CM-CE-YaoundeIv,cm;ce;yaounde.iv,2024-07-20,f
t,5,CM-CE-YaoundeIv,cm;ce;ye4,2024-07-20,f
t,5,CM-CE-YaoundeIv,cm;centre;yaounde.iv,2024-07-20,f
t,5,CM-CE-YaoundeV,CM-CE-YE5,2024-07-20,f
t,5,CM-CE-YaoundeV,CM-YE5,2024-07-20,t
t,5,CM-CE-YaoundeV,cm;centre;yaounde.v,2024-07-20,f
t,5,CM-CE-YaoundeV,cm;ce;ye5,2024-07-20,f
t,5,CM-CE-YaoundeV,cm;ce;yaounde.v,2024-07-20,f
t,5,CM-CE-YaoundeVi,cm;centre;yaounde.vi,2024-07-20,f
t,5,CM-CE-YaoundeVi,CM-CE-YE6,2024-07-20,f
t,5,CM-CE-YaoundeVi,cm;ce;ye6,2024-07-20,f
t,5,CM-CE-YaoundeVi,CM-YE6,2024-07-20,t
t,5,CM-CE-YaoundeVi,cm;ce;yaounde.vi,2024-07-20,f
t,5,CM-CE-YaoundeVii,CM-CE-YE7,2024-07-20,f
t,5,CM-CE-YaoundeVii,cm;centre;yaounde.vii,2024-07-20,f
t,5,CM-CE-YaoundeVii,CM-YE7,2024-07-20,t
t,5,CM-CE-YaoundeVii,cm;ce;ye7,2024-07-20,f
t,5,CM-CE-YaoundeVii,cm;ce;yaounde.vii,2024-07-20,f
t,5,CM-CE-Yoko,cm;ce;yko,2024-07-20,f
t,5,CM-CE-Yoko,CM-YKO,2024-07-20,t
t,5,CM-CE-Yoko,cm;ce;yoko,2024-07-20,f
t,5,CM-CE-Yoko,CM-CE-YKO,2024-07-20,f
t,5,CM-CE-Yoko,cm;centre;yoko,2024-07-20,f
t,5,CM-EN,cm;en,2024-07-20,f
t,5,CM-EN,cm;extreme.nord,2024-07-20,f
t,5,CM-EN-Blangoua,CM-EN-BLA,2024-07-20,f
t,5,CM-EN-Blangoua,cm;extreme.nord;blangoua,2024-07-20,f
t,5,CM-EN-Blangoua,CM-BLA,2024-07-20,t
t,5,CM-EN-Blangoua,cm;en;blangoua,2024-07-20,f
t,5,CM-EN-Blangoua,cm;en;bla,2024-07-20,f
t,5,CM-EN-Bogo,cm;en;bog,2024-07-20,f
t,5,CM-EN-Bogo,CM-EN-BOG,2024-07-20,f
t,5,CM-EN-Bogo,cm;en;bogo,2024-07-20,f
t,5,CM-EN-Bogo,cm;extreme.nord;bogo,2024-07-20,f
t,5,CM-EN-Bogo,CM-BOG,2024-07-20,t
t,5,CM-EN-Bourha,CM-BOU,2024-07-20,t
t,5,CM-EN-Bourha,cm;en;bourha,2024-07-20,f
t,5,CM-EN-Bourha,cm;en;bou,2024-07-20,f
t,5,CM-EN-Bourha,cm;extreme.nord;bourha,2024-07-20,f
t,5,CM-EN-Bourha,CM-EN-BOU,2024-07-20,f
t,5,CM-EN-Darak,cm;en;darak,2024-07-20,f
t,5,CM-EN-Darak,cm;extreme.nord;darak,2024-07-20,f
t,5,CM-EN-Darak,CM-EN-DAK,2024-07-20,f
t,5,CM-EN-Darak,CM-DAK,2024-07-20,t
t,5,CM-EN-Darak,cm;en;dak,2024-07-20,f
t,5,CM-EN-Dargala,CM-DAR,2024-07-20,t
t,5,CM-EN-Dargala,cm;en;dargala,2024-07-20,f
t,5,CM-EN-Dargala,cm;extreme.nord;dargala,2024-07-20,f
t,5,CM-EN-Dargala,cm;en;dar,2024-07-20,f
t,5,CM-EN-Dargala,CM-EN-DAR,2024-07-20,f
t,5,CM-EN-Datcheka,CM-DAT,2024-07-20,t
t,5,CM-EN-Datcheka,CM-EN-DAT,2024-07-20,f
t,5,CM-EN-Datcheka,cm;en;datcheka,2024-07-20,f
t,5,CM-EN-Datcheka,cm;en;dat,2024-07-20,f
t,5,CM-EN-Datcheka,cm;extreme.nord;datcheka,2024-07-20,f
t,5,CM-EN-Dziguilao,cm;en;dzi,2024-07-20,f
t,5,CM-EN-Dziguilao,CM-DZI,2024-07-20,t
t,5,CM-EN-Dziguilao,CM-EN-DZI,2024-07-20,f
t,5,CM-EN-Dziguilao,cm;extreme.nord;dziguilao,2024-07-20,f
t,5,CM-EN-Dziguilao,cm;en;dziguilao,2024-07-20,f
t,5,CM-EN-Fotokol,cm;en;fot,2024-07-20,f
t,5,CM-EN-Fotokol,cm;en;fotokol,2024-07-20,f
t,5,CM-EN-Fotokol,cm;extreme.nord;fotokol,2024-07-20,f
t,5,CM-EN-Fotokol,CM-FOT,2024-07-20,t
t,5,CM-EN-Fotokol,CM-EN-FOT,2024-07-20,f
t,5,CM-EN-Gazawa,CM-EN-GAS,2024-07-20,f
t,5,CM-EN-Gazawa,cm;en;gazawa,2024-07-20,f
t,5,CM-EN-Gazawa,cm;en;gas,2024-07-20,f
t,5,CM-EN-Gazawa,cm;extreme.nord;gazawa,2024-07-20,f
t,5,CM-EN-Gazawa,CM-GAS,2024-07-20,t
t,5,CM-EN-Gobo,cm;en;gob,2024-07-20,f
t,5,CM-EN-Gobo,cm;en;gobo,2024-07-20,f
t,5,CM-EN-Gobo,CM-GOB,2024-07-20,t
t,5,CM-EN-Gobo,CM-EN-GOB,2024-07-20,f
t,5,CM-EN-Gobo,cm;extreme.nord;gobo,2024-07-20,f
t,5,CM-EN-Goulfey,CM-GOU,2024-07-20,t
t,5,CM-EN-Goulfey,cm;en;gou,2024-07-20,f
t,5,CM-EN-Goulfey,CM-EN-GOU,2024-07-20,f
t,5,CM-EN-Goulfey,cm;extreme.nord;goulfey,2024-07-20,f
t,5,CM-EN-Goulfey,cm;en;goulfey,2024-07-20,f
t,5,CM-EN-Gueme,cm;en;gueme,2024-07-20,f
t,5,CM-EN-Gueme,CM-GME,2024-07-20,t
t,5,CM-EN-Gueme,cm;en;gme,2024-07-20,f
t,5,CM-EN-Gueme,cm;extreme.nord;gueme,2024-07-20,f
t,5,CM-EN-Gueme,CM-EN-GME,2024-07-20,f
t,5,CM-EN-Guere,cm;extreme.nord;guere,2024-07-20,f
t,5,CM-EN-Guere,cm;en;gue,2024-07-20,f
t,5,CM-EN-Guere,CM-EN-GUE,2024-07-20,f
t,5,CM-EN-Guere,CM-GUE,2024-07-20,t
t,5,CM-EN-Guere,cm;en;guere,2024-07-20,f
t,5,CM-EN-Guidiguis,cm;en;ggs,2024-07-20,f
t,5,CM-EN-Guidiguis,cm;extreme.nord;guidiguis,2024-07-20,f
t,5,CM-EN-Guidiguis,cm;en;guidiguis,2024-07-20,f
t,5,CM-EN-Guidiguis,CM-EN-GGS,2024-07-20,f
t,5,CM-EN-Guidiguis,CM-GGS,2024-07-20,t
t,5,CM-EN-HileAlifa,CM-EN-HIL,2024-07-20,f
t,5,CM-EN-HileAlifa,CM-HIL,2024-07-20,t
t,5,CM-EN-HileAlifa,cm;en;hil,2024-07-20,f
t,5,CM-EN-HileAlifa,cm;en;hile.alifa,2024-07-20,f
t,5,CM-EN-HileAlifa,cm;extreme.nord;hile.alifa,2024-07-20,f
t,5,CM-EN-Hina,cm;en;hina,2024-07-20,f
t,5,CM-EN-Hina,cm;extreme.nord;hina,2024-07-20,f
t,5,CM-EN-Hina,CM-EN-HIN,2024-07-20,f
t,5,CM-EN-Hina,CM-HIN,2024-07-20,t
t,5,CM-EN-Hina,cm;en;hin,2024-07-20,f
t,5,CM-EN-Kaele,cm;en;kaele,2024-07-20,f
t,5,CM-EN-Kaele,cm;extreme.nord;kaele,2024-07-20,f
t,5,CM-EN-Kaele,cm;en;kae,2024-07-20,f
t,5,CM-EN-Kaele,CM-EN-KAE,2024-07-20,f
t,5,CM-EN-Kaele,CM-KAE,2024-07-20,t
t,5,CM-EN-KaiKai,cm;extreme.nord;kai.kai,2024-07-20,f
t,5,CM-EN-KaiKai,CM-KAY,2024-07-20,t
t,5,CM-EN-KaiKai,CM-EN-KAY,2024-07-20,f
t,5,CM-EN-KaiKai,cm;en;kay,2024-07-20,f
t,5,CM-EN-KaiKai,cm;en;kai.kai,2024-07-20,f
t,5,CM-EN-Kalfou,cm;extreme.nord;kalfou,2024-07-20,f
t,5,CM-EN-Kalfou,CM-EN-KAL,2024-07-20,f
t,5,CM-EN-Kalfou,CM-KAL,2024-07-20,t
t,5,CM-EN-Kalfou,cm;en;kal,2024-07-20,f
t,5,CM-EN-Kalfou,cm;en;kalfou,2024-07-20,f
t,5,CM-EN-KarHay,CM-EN-KRY,2024-07-20,f
t,5,CM-EN-KarHay,cm;extreme.nord;kar.hay,2024-07-20,f
t,5,CM-EN-KarHay,cm;en;kar.hay,2024-07-20,f
t,5,CM-EN-KarHay,CM-KRY,2024-07-20,t
t,5,CM-EN-KarHay,cm;en;kry,2024-07-20,f
t,5,CM-EN-Kolofata,CM-KOL,2024-07-20,t
t,5,CM-EN-Kolofata,cm;en;kolofata,2024-07-20,f
t,5,CM-EN-Kolofata,cm;extreme.nord;kolofata,2024-07-20,f
t,5,CM-EN-Kolofata,CM-EN-KOL,2024-07-20,f
t,5,CM-EN-Kolofata,cm;en;kol,2024-07-20,f
t,5,CM-EN-Kousseri,CM-KER,2024-07-20,t
t,5,CM-EN-Kousseri,CM-EN-KER,2024-07-20,f
t,5,CM-EN-Kousseri,cm;en;kousseri,2024-07-20,f
t,5,CM-EN-Kousseri,cm;extreme.nord;kousseri,2024-07-20,f
t,5,CM-EN-Kousseri,cm;en;ker,2024-07-20,f
t,5,CM-EN-Koza,cm;en;koza,2024-07-20,f
t,5,CM-EN-Koza,CM-EN-KOZ,2024-07-20,f
t,5,CM-EN-Koza,cm;en;koz,2024-07-20,f
t,5,CM-EN-Koza,cm;extreme.nord;koza,2024-07-20,f
t,5,CM-EN-Koza,CM-KOZ,2024-07-20,t
t,5,CM-EN-LogoneBirni,CM-EN-LOG,2024-07-20,f
t,5,CM-EN-LogoneBirni,cm;extreme.nord;logone.birni,2024-07-20,f
t,5,CM-EN-LogoneBirni,CM-LOG,2024-07-20,t
t,5,CM-EN-LogoneBirni,cm;en;logone.birni,2024-07-20,f
t,5,CM-EN-LogoneBirni,cm;en;log,2024-07-20,f
t,5,CM-EN-Maga,cm;en;maga,2024-07-20,f
t,5,CM-EN-Maga,cm;extreme.nord;maga,2024-07-20,f
t,5,CM-EN-Maga,CM-EN-MGA,2024-07-20,f
t,5,CM-EN-Maga,CM-MGA,2024-07-20,t
t,5,CM-EN-Maga,cm;en;mga,2024-07-20,f
t,5,CM-EN-Makary,cm;extreme.nord;makary,2024-07-20,f
t,5,CM-EN-Makary,cm;en;mai,2024-07-20,f
t,5,CM-EN-Makary,cm;en;makary,2024-07-20,f
t,5,CM-EN-Makary,CM-MAI,2024-07-20,t
t,5,CM-EN-Makary,CM-EN-MAI,2024-07-20,f
t,5,CM-EN-MarouaI,CM-MA1,2024-07-20,t
t,5,CM-EN-MarouaI,cm;en;ma1,2024-07-20,f
t,5,CM-EN-MarouaI,cm;extreme.nord;maroua.i,2024-07-20,f
t,5,CM-EN-MarouaI,CM-EN-MA1,2024-07-20,f
t,5,CM-EN-MarouaI,cm;en;maroua.i,2024-07-20,f
t,5,CM-EN-MarouaIi,cm;en;ma2,2024-07-20,f
t,5,CM-EN-MarouaIi,CM-EN-MA2,2024-07-20,f
t,5,CM-EN-MarouaIi,cm;en;maroua.ii,2024-07-20,f
t,5,CM-EN-MarouaIi,cm;extreme.nord;maroua.ii,2024-07-20,f
t,5,CM-EN-MarouaIi,CM-MA2,2024-07-20,t
t,5,CM-EN-MarouaIii,cm;en;ma3,2024-07-20,f
t,5,CM-EN-MarouaIii,cm;en;maroua.iii,2024-07-20,f
t,5,CM-EN-MarouaIii,CM-EN-MA3,2024-07-20,f
t,5,CM-EN-MarouaIii,cm;extreme.nord;maroua.iii,2024-07-20,f
t,5,CM-EN-MarouaIii,CM-MA3,2024-07-20,t
t,5,CM-EN-Meri,cm;extreme.nord;meri,2024-07-20,f
t,5,CM-EN-Meri,CM-MER,2024-07-20,t
t,5,CM-EN-Meri,CM-EN-MER,2024-07-20,f
t,5,CM-EN-Meri,cm;en;mer,2024-07-20,f
t,5,CM-EN-Meri,cm;en;meri,2024-07-20,f
t,5,CM-EN-Mindif,CM-MDF,2024-07-20,t
t,5,CM-EN-Mindif,cm;en;mindif,2024-07-20,f
t,5,CM-EN-Mindif,CM-EN-MDF,2024-07-20,f
t,5,CM-EN-Mindif,cm;en;mdf,2024-07-20,f
t,5,CM-EN-Mindif,cm;extreme.nord;mindif,2024-07-20,f
t,5,CM-EN-Mogode,cm;extreme.nord;mogode,2024-07-20,f
t,5,CM-EN-Mogode,CM-EN-MOG,2024-07-20,f
t,5,CM-EN-Mogode,cm;en;mog,2024-07-20,f
t,5,CM-EN-Mogode,cm;en;mogode,2024-07-20,f
t,5,CM-EN-Mogode,CM-MOG,2024-07-20,t
t,5,CM-EN-Mokolo,CM-EN-MOK,2024-07-20,f
t,5,CM-EN-Mokolo,CM-MOK,2024-07-20,t
t,5,CM-EN-Mokolo,cm;en;mok,2024-07-20,f
t,5,CM-EN-Mokolo,cm;extreme.nord;mokolo,2024-07-20,f
t,5,CM-EN-Mokolo,cm;en;mokolo,2024-07-20,f
t,5,CM-EN-Mora,cm;en;mora,2024-07-20,f
t,5,CM-EN-Mora,cm;extreme.nord;mora,2024-07-20,f
t,5,CM-EN-Mora,CM-EN-MOR,2024-07-20,f
t,5,CM-EN-Mora,cm;en;mor,2024-07-20,f
t,5,CM-EN-Mora,CM-MOR,2024-07-20,t
t,5,CM-EN-Moulvoudaye,CM-MAY,2024-07-20,t
t,5,CM-EN-Moulvoudaye,cm;en;moulvoudaye,2024-07-20,f
t,5,CM-EN-Moulvoudaye,cm;extreme.nord;moulvoudaye,2024-07-20,f
t,5,CM-EN-Moulvoudaye,cm;en;may,2024-07-20,f
t,5,CM-EN-Moulvoudaye,CM-EN-MAY,2024-07-20,f
t,5,CM-EN-Moutourwa,CM-EN-MTR,2024-07-20,f
t,5,CM-EN-Moutourwa,cm;extreme.nord;moutourwa,2024-07-20,f
t,5,CM-EN-Moutourwa,CM-MTR,2024-07-20,t
t,5,CM-EN-Moutourwa,cm;en;moutourwa,2024-07-20,f
t,5,CM-EN-Moutourwa,cm;en;mtr,2024-07-20,f
t,5,CM-EN-Mozogo,cm;en;mozogo,2024-07-20,f
t,5,CM-EN-Mozogo,CM-MOZ,2024-07-20,t
t,5,CM-EN-Mozogo,CM-EN-MOZ,2024-07-20,f
t,5,CM-EN-Mozogo,cm;extreme.nord;mozogo,2024-07-20,f
t,5,CM-EN-Mozogo,cm;en;moz,2024-07-20,f
t,5,CM-EN-Ndoukoula,cm;en;ndoukoula,2024-07-20,f
t,5,CM-EN-Ndoukoula,cm;extreme.nord;ndoukoula,2024-07-20,f
t,5,CM-EN-Ndoukoula,CM-EN-NDK,2024-07-20,f
t,5,CM-EN-Ndoukoula,cm;en;ndk,2024-07-20,f
t,5,CM-EN-Ndoukoula,CM-NDK,2024-07-20,t
t,5,CM-EN-Pette,cm;extreme.nord;pette,2024-07-20,f
t,5,CM-EN-Pette,CM-EN-PET,2024-07-20,f
t,5,CM-EN-Pette,cm;en;pette,2024-07-20,f
t,5,CM-EN-Pette,CM-PET,2024-07-20,t
t,5,CM-EN-Pette,cm;en;pet,2024-07-20,f
t,5,CM-EN-SouledeRoua,cm;extreme.nord;soulede.roua,2024-07-20,f
t,5,CM-EN-SouledeRoua,cm;en;sra,2024-07-20,f
t,5,CM-EN-SouledeRoua,cm;en;soulede.roua,2024-07-20,f
t,5,CM-EN-SouledeRoua,CM-EN-SRA,2024-07-20,f
t,5,CM-EN-SouledeRoua,CM-SRA,2024-07-20,t
t,5,CM-EN-Tchatibali,cm;en;tchatibali,2024-07-20,f
t,5,CM-EN-Tchatibali,cm;en;tch,2024-07-20,f
t,5,CM-EN-Tchatibali,cm;extreme.nord;tchatibali,2024-07-20,f
t,5,CM-EN-Tchatibali,CM-EN-TCH,2024-07-20,f
t,5,CM-EN-Tchatibali,CM-TCH,2024-07-20,t
t,5,CM-EN-Tokombere,CM-TBE,2024-07-20,t
t,5,CM-EN-Tokombere,cm;en;tbe,2024-07-20,f
t,5,CM-EN-Tokombere,cm;en;tokombere,2024-07-20,f
t,5,CM-EN-Tokombere,cm;extreme.nord;tokombere,2024-07-20,f
t,5,CM-EN-Tokombere,CM-EN-TBE,2024-07-20,f
t,5,CM-EN-Touloum,CM-TOU,2024-07-20,t
t,5,CM-EN-Touloum,cm;extreme.nord;touloum,2024-07-20,f
t,5,CM-EN-Touloum,cm;en;tou,2024-07-20,f
t,5,CM-EN-Touloum,cm;en;touloum,2024-07-20,f
t,5,CM-EN-Touloum,CM-EN-TOU,2024-07-20,f
t,5,CM-EN-Waza,cm;en;waz,2024-07-20,f
t,5,CM-EN-Waza,cm;en;waza,2024-07-20,f
t,5,CM-EN-Waza,CM-WAZ,2024-07-20,t
t,5,CM-EN-Waza,cm;extreme.nord;waza,2024-07-20,f
t,5,CM-EN-Waza,CM-EN-WAZ,2024-07-20,f
t,5,CM-EN-Wina,CM-EN-WIN,2024-07-20,f
t,5,CM-EN-Wina,cm;en;wina,2024-07-20,f
t,5,CM-EN-Wina,CM-WIN,2024-07-20,t
t,5,CM-EN-Wina,cm;en;win,2024-07-20,f
t,5,CM-EN-Wina,cm;extreme.nord;wina,2024-07-20,f
t,5,CM-EN-Yagoua,cm;extreme.nord;yagoua,2024-07-20,f
t,5,CM-EN-Yagoua,CM-EN-YAG,2024-07-20,f
t,5,CM-EN-Yagoua,cm;en;yag,2024-07-20,f
t,5,CM-EN-Yagoua,CM-YAG,2024-07-20,t
t,5,CM-EN-Yagoua,cm;en;yagoua,2024-07-20,f
t,5,CM-EN-Zina,cm;en;zina,2024-07-20,f
t,5,CM-EN-Zina,cm;extreme.nord;zina,2024-07-20,f
t,5,CM-EN-Zina,CM-EN-ZIN,2024-07-20,f
t,5,CM-EN-Zina,CM-ZIN,2024-07-20,t
t,5,CM-EN-Zina,cm;en;zin,2024-07-20,f
t,5,CM-ES,cm;es,2024-07-20,f
t,5,CM-ES,cm;est,2024-07-20,f
t,5,CM-ES-AbongMbang,cm;es;abm,2024-07-20,f
t,5,CM-ES-AbongMbang,cm;es;abong.mbang,2024-07-20,f
t,5,CM-ES-AbongMbang,CM-ES-ABM,2024-07-20,f
t,5,CM-ES-AbongMbang,cm;est;abong.mbang,2024-07-20,f
t,5,CM-ES-AbongMbang,CM-ABM,2024-07-20,t
t,5,CM-ES-Angossas,CM-ANG,2024-07-20,t
t,5,CM-ES-Angossas,cm;est;angossas,2024-07-20,f
t,5,CM-ES-Angossas,CM-ES-ANG,2024-07-20,f
t,5,CM-ES-Angossas,cm;es;ang,2024-07-20,f
t,5,CM-ES-Angossas,cm;es;angossas,2024-07-20,f
t,5,CM-ES-Atok,CM-ATO,2024-07-20,t
t,5,CM-ES-Atok,cm;es;ato,2024-07-20,f
t,5,CM-ES-Atok,cm;es;atok,2024-07-20,f
t,5,CM-ES-Atok,CM-ES-ATO,2024-07-20,f
t,5,CM-ES-Atok,cm;est;atok,2024-07-20,f
t,5,CM-ES-Batouri,cm;est;batouri,2024-07-20,f
t,5,CM-ES-Batouri,CM-ES-NUI,2024-07-20,f
t,5,CM-ES-Batouri,CM-NUI,2024-07-20,t
t,5,CM-ES-Batouri,cm;es;nui,2024-07-20,f
t,5,CM-ES-Batouri,cm;es;batouri,2024-07-20,f
t,5,CM-ES-Belabo,CM-ES-BLO,2024-07-20,f
t,5,CM-ES-Belabo,cm;est;belabo,2024-07-20,f
t,5,CM-ES-Belabo,cm;es;belabo,2024-07-20,f
t,5,CM-ES-Belabo,cm;es;blo,2024-07-20,f
t,5,CM-ES-Belabo,CM-BLO,2024-07-20,t
t,5,CM-ES-BertouaI,CM-ES-BE1,2024-07-20,f
t,5,CM-ES-BertouaI,cm;est;bertoua.i,2024-07-20,f
t,5,CM-ES-BertouaI,CM-BE1,2024-07-20,t
t,5,CM-ES-BertouaI,cm;es;be1,2024-07-20,f
t,5,CM-ES-BertouaI,cm;es;bertoua.i,2024-07-20,f
t,5,CM-ES-BertouaIi,cm;es;bertoua.ii,2024-07-20,f
t,5,CM-ES-BertouaIi,cm;es;be2,2024-07-20,f
t,5,CM-ES-BertouaIi,CM-BE2,2024-07-20,t
t,5,CM-ES-BertouaIi,cm;est;bertoua.ii,2024-07-20,f
t,5,CM-ES-BertouaIi,CM-ES-BE2,2024-07-20,f
t,5,CM-ES-BetareOya,CM-ES-BEO,2024-07-20,f
t,5,CM-ES-BetareOya,cm;es;beo,2024-07-20,f
t,5,CM-ES-BetareOya,cm;es;betare.oya,2024-07-20,f
t,5,CM-ES-BetareOya,cm;est;betare.oya,2024-07-20,f
t,5,CM-ES-BetareOya,CM-BEO,2024-07-20,t
t,5,CM-ES-Diang,CM-DNG,2024-07-20,t
t,5,CM-ES-Diang,cm;es;diang,2024-07-20,f
t,5,CM-ES-Diang,cm;est;diang,2024-07-20,f
t,5,CM-ES-Diang,CM-ES-DNG,2024-07-20,f
t,5,CM-ES-Diang,cm;es;dng,2024-07-20,f
t,5,CM-ES-Dimako,CM-ES-DKO,2024-07-20,f
t,5,CM-ES-Dimako,cm;est;dimako,2024-07-20,f
t,5,CM-ES-Dimako,cm;es;dimako,2024-07-20,f
t,5,CM-ES-Dimako,CM-DKO,2024-07-20,t
t,5,CM-ES-Dimako,cm;es;dko,2024-07-20,f
t,5,CM-ES-Doumaintang,cm;est;doumaintang,2024-07-20,f
t,5,CM-ES-Doumaintang,CM-DOU,2024-07-20,t
t,5,CM-ES-Doumaintang,cm;es;dou,2024-07-20,f
t,5,CM-ES-Doumaintang,cm;es;doumaintang,2024-07-20,f
t,5,CM-ES-Doumaintang,CM-ES-DOU,2024-07-20,f
t,5,CM-ES-Doume,CM-ES-DME,2024-07-20,f
t,5,CM-ES-Doume,cm;es;doume,2024-07-20,f
t,5,CM-ES-Doume,cm;es;dme,2024-07-20,f
t,5,CM-ES-Doume,CM-DME,2024-07-20,t
t,5,CM-ES-Doume,cm;est;doume,2024-07-20,f
t,5,CM-ES-GariGombo,cm;es;gari.gombo,2024-07-20,f
t,5,CM-ES-GariGombo,cm;es;grg,2024-07-20,f
t,5,CM-ES-GariGombo,cm;est;gari.gombo,2024-07-20,f
t,5,CM-ES-GariGombo,CM-GRG,2024-07-20,t
t,5,CM-ES-GariGombo,CM-ES-GRG,2024-07-20,f
t,5,CM-ES-GarouaBoulai,cm;es;grb,2024-07-20,f
t,5,CM-ES-GarouaBoulai,CM-ES-GRB,2024-07-20,f
t,5,CM-ES-GarouaBoulai,CM-GRB,2024-07-20,t
t,5,CM-ES-GarouaBoulai,cm;est;garoua.boulai,2024-07-20,f
t,5,CM-ES-GarouaBoulai,cm;es;garoua.boulai,2024-07-20,f
t,5,CM-ES-Kentzou,cm;es;kentzou,2024-07-20,f
t,5,CM-ES-Kentzou,CM-ES-KNT,2024-07-20,f
t,5,CM-ES-Kentzou,cm;es;knt,2024-07-20,f
t,5,CM-ES-Kentzou,CM-KNT,2024-07-20,t
t,5,CM-ES-Kentzou,cm;est;kentzou,2024-07-20,f
t,5,CM-ES-Kette,cm;est;kette,2024-07-20,f
t,5,CM-ES-Kette,cm;es;kette,2024-07-20,f
t,5,CM-ES-Kette,CM-KTE,2024-07-20,t
t,5,CM-ES-Kette,CM-ES-KTE,2024-07-20,f
t,5,CM-ES-Kette,cm;es;kte,2024-07-20,f
t,5,CM-ES-Lomie,cm;es;lom,2024-07-20,f
t,5,CM-ES-Lomie,CM-ES-LOM,2024-07-20,f
t,5,CM-ES-Lomie,CM-LOM,2024-07-20,t
t,5,CM-ES-Lomie,cm;est;lomie,2024-07-20,f
t,5,CM-ES-Lomie,cm;es;lomie,2024-07-20,f
t,5,CM-ES-Mandjou,CM-ES-MOJ,2024-07-20,f
t,5,CM-ES-Mandjou,CM-MOJ,2024-07-20,t
t,5,CM-ES-Mandjou,cm;es;mandjou,2024-07-20,f
t,5,CM-ES-Mandjou,cm;est;mandjou,2024-07-20,f
t,5,CM-ES-Mandjou,cm;es;moj,2024-07-20,f
t,5,CM-ES-Mbang,CM-ES-MBG,2024-07-20,f
t,5,CM-ES-Mbang,cm;es;mbang,2024-07-20,f
t,5,CM-ES-Mbang,cm;es;mbg,2024-07-20,f
t,5,CM-ES-Mbang,CM-MBG,2024-07-20,t
t,5,CM-ES-Mbang,cm;est;mbang,2024-07-20,f
t,5,CM-ES-Mboma,cm;es;mboma,2024-07-20,f
t,5,CM-ES-Mboma,cm;es;mma,2024-07-20,f
t,5,CM-ES-Mboma,CM-MMA,2024-07-20,t
t,5,CM-ES-Mboma,CM-ES-MMA,2024-07-20,f
t,5,CM-ES-Mboma,cm;est;mboma,2024-07-20,f
t,5,CM-ES-Messamena,CM-MES,2024-07-20,t
t,5,CM-ES-Messamena,cm;es;messamena,2024-07-20,f
t,5,CM-ES-Messamena,cm;es;mes,2024-07-20,f
t,5,CM-ES-Messamena,CM-ES-MES,2024-07-20,f
t,5,CM-ES-Messamena,cm;est;messamena,2024-07-20,f
t,5,CM-ES-Messock,cm;est;messock,2024-07-20,f
t,5,CM-ES-Messock,CM-MSS,2024-07-20,t
t,5,CM-ES-Messock,cm;es;messock,2024-07-20,f
t,5,CM-ES-Messock,CM-ES-MSS,2024-07-20,f
t,5,CM-ES-Messock,cm;es;mss,2024-07-20,f
t,5,CM-ES-Mindourou,cm;es;mnd,2024-07-20,f
t,5,CM-ES-Mindourou,CM-MND,2024-07-20,t
t,5,CM-ES-Mindourou,CM-ES-MND,2024-07-20,f
t,5,CM-ES-Mindourou,cm;est;mindourou,2024-07-20,f
t,5,CM-ES-Mindourou,cm;es;mindourou,2024-07-20,f
t,5,CM-ES-Mouloundou,cm;es;mouloundou,2024-07-20,f
t,5,CM-ES-Mouloundou,CM-MDU,2024-07-20,t
t,5,CM-ES-Mouloundou,CM-ES-MDU,2024-07-20,f
t,5,CM-ES-Mouloundou,cm;est;mouloundou,2024-07-20,f
t,5,CM-ES-Mouloundou,cm;es;mdu,2024-07-20,f
t,5,CM-ES-Ndelele,CM-NLE,2024-07-20,t
t,5,CM-ES-Ndelele,cm;es;nle,2024-07-20,f
t,5,CM-ES-Ndelele,CM-ES-NLE,2024-07-20,f
t,5,CM-ES-Ndelele,cm;est;ndelele,2024-07-20,f
t,5,CM-ES-Ndelele,cm;es;ndelele,2024-07-20,f
t,5,CM-ES-Ngoura,CM-NRA,2024-07-20,t
t,5,CM-ES-Ngoura,cm;est;ngoura,2024-07-20,f
t,5,CM-ES-Ngoura,CM-ES-NRA,2024-07-20,f
t,5,CM-ES-Ngoura,cm;es;ngoura,2024-07-20,f
t,5,CM-ES-Ngoura,cm;es;nra,2024-07-20,f
t,5,CM-ES-Ngoyla,cm;est;ngoyla,2024-07-20,f
t,5,CM-ES-Ngoyla,cm;es;nia,2024-07-20,f
t,5,CM-ES-Ngoyla,cm;es;ngoyla,2024-07-20,f
t,5,CM-ES-Ngoyla,CM-NIA,2024-07-20,t
t,5,CM-ES-Ngoyla,CM-ES-NIA,2024-07-20,f
t,5,CM-ES-Nguelebok,CM-NGU,2024-07-20,t
t,5,CM-ES-Nguelebok,CM-ES-NGU,2024-07-20,f
t,5,CM-ES-Nguelebok,cm;es;nguelebok,2024-07-20,f
t,5,CM-ES-Nguelebok,cm;es;ngu,2024-07-20,f
t,5,CM-ES-Nguelebok,cm;est;nguelebok,2024-07-20,f
t,5,CM-ES-Nguelemendouka,CM-NUA,2024-07-20,t
t,5,CM-ES-Nguelemendouka,CM-ES-NUA,2024-07-20,f
t,5,CM-ES-Nguelemendouka,cm;es;nguelemendouka,2024-07-20,f
t,5,CM-ES-Nguelemendouka,cm;es;nua,2024-07-20,f
t,5,CM-ES-Nguelemendouka,cm;est;nguelemendouka,2024-07-20,f
t,5,CM-ES-Ouli,cm;est;ouli,2024-07-20,f
t,5,CM-ES-Ouli,cm;es;oul,2024-07-20,f
t,5,CM-ES-Ouli,cm;es;ouli,2024-07-20,f
t,5,CM-ES-Ouli,CM-OUL,2024-07-20,t
t,5,CM-ES-Ouli,CM-ES-OUL,2024-07-20,f
t,5,CM-ES-Salapoumbe,CM-ES-SAL,2024-07-20,f
t,5,CM-ES-Salapoumbe,CM-SAL,2024-07-20,t
t,5,CM-ES-Salapoumbe,cm;est;salapoumbe,2024-07-20,f
t,5,CM-ES-Salapoumbe,cm;es;salapoumbe,2024-07-20,f
t,5,CM-ES-Salapoumbe,cm;es;sal,2024-07-20,f
t,5,CM-ES-Somalomo,cm;es;som,2024-07-20,f
t,5,CM-ES-Somalomo,cm;es;somalomo,2024-07-20,f
t,5,CM-ES-Somalomo,cm;est;somalomo,2024-07-20,f
t,5,CM-ES-Somalomo,CM-ES-SOM,2024-07-20,f
t,5,CM-ES-Somalomo,CM-SOM,2024-07-20,t
t,5,CM-ES-Yokadouma,CM-YMA,2024-07-20,t
t,5,CM-ES-Yokadouma,cm;es;yokadouma,2024-07-20,f
t,5,CM-ES-Yokadouma,cm;es;yma,2024-07-20,f
t,5,CM-ES-Yokadouma,CM-ES-YMA,2024-07-20,f
t,5,CM-ES-Yokadouma,cm;est;yokadouma,2024-07-20,f
t,5,CM-LT,cm;littoral,2024-07-20,f
t,5,CM-LT,cm;lt,2024-07-20,f
t,5,CM-LT-Bare,cm;littoral;bare,2024-07-20,f
t,5,CM-LT-Bare,CM-BRE,2024-07-20,t
t,5,CM-LT-Bare,CM-LT-BRE,2024-07-20,f
t,5,CM-LT-Bare,cm;lt;bre,2024-07-20,f
t,5,CM-LT-Bare,cm;lt;bare,2024-07-20,f
t,5,CM-LT-Bonalea,cm;lt;boa,2024-07-20,f
t,5,CM-LT-Bonalea,cm;littoral;bonalea,2024-07-20,f
t,5,CM-LT-Bonalea,CM-LT-BOA,2024-07-20,f
t,5,CM-LT-Bonalea,CM-BOA,2024-07-20,t
t,5,CM-LT-Bonalea,cm;lt;bonalea,2024-07-20,f
t,5,CM-LT-Dibamba,cm;littoral;dibamba,2024-07-20,f
t,5,CM-LT-Dibamba,CM-DBA,2024-07-20,t
t,5,CM-LT-Dibamba,cm;lt;dba,2024-07-20,f
t,5,CM-LT-Dibamba,cm;lt;dibamba,2024-07-20,f
t,5,CM-LT-Dibamba,CM-LT-DBA,2024-07-20,f
t,5,CM-LT-Dibombari,CM-LT-DBI,2024-07-20,f
t,5,CM-LT-Dibombari,cm;littoral;dibombari,2024-07-20,f
t,5,CM-LT-Dibombari,CM-DBI,2024-07-20,t
t,5,CM-LT-Dibombari,cm;lt;dbi,2024-07-20,f
t,5,CM-LT-Dibombari,cm;lt;dibombari,2024-07-20,f
t,5,CM-LT-Dizangue,CM-DIZ,2024-07-20,t
t,5,CM-LT-Dizangue,cm;lt;diz,2024-07-20,f
t,5,CM-LT-Dizangue,cm;lt;dizangue,2024-07-20,f
t,5,CM-LT-Dizangue,cm;littoral;dizangue,2024-07-20,f
t,5,CM-LT-Dizangue,CM-LT-DIZ,2024-07-20,f
t,5,CM-LT-DoualaI,cm;lt;dl1,2024-07-20,f
t,5,CM-LT-DoualaI,CM-LT-DL1,2024-07-20,f
t,5,CM-LT-DoualaI,cm;littoral;douala.i,2024-07-20,f
t,5,CM-LT-DoualaI,CM-DL1,2024-07-20,t
t,5,CM-LT-DoualaI,cm;lt;douala.i,2024-07-20,f
t,5,CM-LT-DoualaIi,cm;lt;douala.ii,2024-07-20,f
t,5,CM-LT-DoualaIi,CM-LT-DL2,2024-07-20,f
t,5,CM-LT-DoualaIi,CM-DL2,2024-07-20,t
t,5,CM-LT-DoualaIi,cm;littoral;douala.ii,2024-07-20,f
t,5,CM-LT-DoualaIi,cm;lt;dl2,2024-07-20,f
t,5,CM-LT-DoualaIii,CM-DL3,2024-07-20,t
t,5,CM-LT-DoualaIii,cm;lt;douala.iii,2024-07-20,f
t,5,CM-LT-DoualaIii,CM-LT-DL3,2024-07-20,f
t,5,CM-LT-DoualaIii,cm;lt;dl3,2024-07-20,f
t,5,CM-LT-DoualaIii,cm;littoral;douala.iii,2024-07-20,f
t,5,CM-LT-DoualaIv,cm;lt;douala.iv,2024-07-20,f
t,5,CM-LT-DoualaIv,cm;littoral;douala.iv,2024-07-20,f
t,5,CM-LT-DoualaIv,CM-LT-DL4,2024-07-20,f
t,5,CM-LT-DoualaIv,CM-DL4,2024-07-20,t
t,5,CM-LT-DoualaIv,cm;lt;dl4,2024-07-20,f
t,5,CM-LT-DoualaV,CM-LT-DL5,2024-07-20,f
t,5,CM-LT-DoualaV,CM-DL5,2024-07-20,t
t,5,CM-LT-DoualaV,cm;littoral;douala.v,2024-07-20,f
t,5,CM-LT-DoualaV,cm;lt;douala.v,2024-07-20,f
t,5,CM-LT-DoualaV,cm;lt;dl5,2024-07-20,f
t,5,CM-LT-DoualaVi,CM-DL6,2024-07-20,t
t,5,CM-LT-DoualaVi,CM-LT-DL6,2024-07-20,f
t,5,CM-LT-DoualaVi,cm;lt;douala.vi,2024-07-20,f
t,5,CM-LT-DoualaVi,cm;lt;dl6,2024-07-20,f
t,5,CM-LT-DoualaVi,cm;littoral;douala.vi,2024-07-20,f
t,5,CM-LT-Ebone,cm;lt;ebone,2024-07-20,f
t,5,CM-LT-Ebone,cm;littoral;ebone,2024-07-20,f
t,5,CM-LT-Ebone,CM-LT-EBO,2024-07-20,f
t,5,CM-LT-Ebone,cm;lt;ebo,2024-07-20,f
t,5,CM-LT-Ebone,CM-EBO,2024-07-20,t
t,5,CM-LT-EdeaI,cm;lt;ed1,2024-07-20,f
t,5,CM-LT-EdeaI,cm;lt;edea.i,2024-07-20,f
t,5,CM-LT-EdeaI,CM-ED1,2024-07-20,t
t,5,CM-LT-EdeaI,cm;littoral;edea.i,2024-07-20,f
t,5,CM-LT-EdeaI,CM-LT-ED1,2024-07-20,f
t,5,CM-LT-EdeaIi,cm;lt;edea.ii,2024-07-20,f
t,5,CM-LT-EdeaIi,CM-ED2,2024-07-20,t
t,5,CM-LT-EdeaIi,cm;lt;ed2,2024-07-20,f
t,5,CM-LT-EdeaIi,CM-LT-ED2,2024-07-20,f
t,5,CM-LT-EdeaIi,cm;littoral;edea.ii,2024-07-20,f
t,5,CM-LT-Loum,cm;littoral;loum,2024-07-20,f
t,5,CM-LT-Loum,CM-LOU,2024-07-20,t
t,5,CM-LT-Loum,cm;lt;lou,2024-07-20,f
t,5,CM-LT-Loum,cm;lt;loum,2024-07-20,f
t,5,CM-LT-Loum,CM-LT-LOU,2024-07-20,f
t,5,CM-LT-Manjo,cm;littoral;manjo,2024-07-20,f
t,5,CM-LT-Manjo,cm;lt;manjo,2024-07-20,f
t,5,CM-LT-Manjo,CM-MJO,2024-07-20,t
t,5,CM-LT-Manjo,cm;lt;mjo,2024-07-20,f
t,5,CM-LT-Manjo,CM-LT-MJO,2024-07-20,f
t,5,CM-LT-Massok,cm;lt;mas,2024-07-20,f
t,5,CM-LT-Massok,cm;littoral;massok,2024-07-20,f
t,5,CM-LT-Massok,CM-MAS,2024-07-20,t
t,5,CM-LT-Massok,CM-LT-MAS,2024-07-20,f
t,5,CM-LT-Massok,cm;lt;massok,2024-07-20,f
t,5,CM-LT-Mbanga,cm;lt;mbanga,2024-07-20,f
t,5,CM-LT-Mbanga,cm;lt;mba,2024-07-20,f
t,5,CM-LT-Mbanga,cm;littoral;mbanga,2024-07-20,f
t,5,CM-LT-Mbanga,CM-LT-MBA,2024-07-20,f
t,5,CM-LT-Mbanga,CM-MBA,2024-07-20,t
t,5,CM-LT-Melong,cm;lt;mel,2024-07-20,f
t,5,CM-LT-Melong,CM-MEL,2024-07-20,t
t,5,CM-LT-Melong,CM-LT-MEL,2024-07-20,f
t,5,CM-LT-Melong,cm;lt;melong,2024-07-20,f
t,5,CM-LT-Melong,cm;littoral;melong,2024-07-20,f
t,5,CM-LT-Mombo,cm;lt;mombo,2024-07-20,f
t,5,CM-LT-Mombo,cm;littoral;mombo,2024-07-20,f
t,5,CM-LT-Mombo,cm;lt;mbo,2024-07-20,f
t,5,CM-LT-Mombo,CM-MBO,2024-07-20,t
t,5,CM-LT-Mombo,CM-LT-MBO,2024-07-20,f
t,5,CM-LT-Mouanko,CM-MUO,2024-07-20,t
t,5,CM-LT-Mouanko,CM-LT-MUO,2024-07-20,f
t,5,CM-LT-Mouanko,cm;lt;mouanko,2024-07-20,f
t,5,CM-LT-Mouanko,cm;lt;muo,2024-07-20,f
t,5,CM-LT-Mouanko,cm;littoral;mouanko,2024-07-20,f
t,5,CM-LT-Ndobian,CM-LT-NDO,2024-07-20,f
t,5,CM-LT-Ndobian,cm;lt;ndobian,2024-07-20,f
t,5,CM-LT-Ndobian,cm;littoral;ndobian,2024-07-20,f
t,5,CM-LT-Ndobian,CM-NDO,2024-07-20,t
t,5,CM-LT-Ndobian,cm;lt;ndo,2024-07-20,f
t,5,CM-LT-Ndom,CM-NOM,2024-07-20,t
t,5,CM-LT-Ndom,cm;lt;nom,2024-07-20,f
t,5,CM-LT-Ndom,cm;littoral;ndom,2024-07-20,f
t,5,CM-LT-Ndom,CM-LT-NOM,2024-07-20,f
t,5,CM-LT-Ndom,cm;lt;ndom,2024-07-20,f
t,5,CM-LT-Ngambe,CM-NGA,2024-07-20,t
t,5,CM-LT-Ngambe,cm;lt;ngambe,2024-07-20,f
t,5,CM-LT-Ngambe,CM-LT-NGA,2024-07-20,f
t,5,CM-LT-Ngambe,cm;lt;nga,2024-07-20,f
t,5,CM-LT-Ngambe,cm;littoral;ngambe,2024-07-20,f
t,5,CM-LT-Ngwei,CM-NGW,2024-07-20,t
t,5,CM-LT-Ngwei,cm;littoral;ngwei,2024-07-20,f
t,5,CM-LT-Ngwei,CM-LT-NGW,2024-07-20,f
t,5,CM-LT-Ngwei,cm;lt;ngw,2024-07-20,f
t,5,CM-LT-Ngwei,cm;lt;ngwei,2024-07-20,f
t,5,CM-LT-Nkondjock,cm;lt;nkondjock,2024-07-20,f
t,5,CM-LT-Nkondjock,CM-NCK,2024-07-20,t
t,5,CM-LT-Nkondjock,cm;lt;nck,2024-07-20,f
t,5,CM-LT-Nkondjock,CM-LT-NCK,2024-07-20,f
t,5,CM-LT-Nkondjock,cm;littoral;nkondjock,2024-07-20,f
t,5,CM-LT-NkongsambaI,cm;lt;nkongsamba.i,2024-07-20,f
t,5,CM-LT-NkongsambaI,cm;littoral;nkongsamba.i,2024-07-20,f
t,5,CM-LT-NkongsambaI,cm;lt;nk1,2024-07-20,f
t,5,CM-LT-NkongsambaI,CM-LT-NK1,2024-07-20,f
t,5,CM-LT-NkongsambaI,CM-NK1,2024-07-20,t
t,5,CM-LT-NkongsambaIi,cm;lt;nkongsamba.ii,2024-07-20,f
t,5,CM-LT-NkongsambaIi,cm;lt;nk2,2024-07-20,f
t,5,CM-LT-NkongsambaIi,cm;littoral;nkongsamba.ii,2024-07-20,f
t,5,CM-LT-NkongsambaIi,CM-LT-NK2,2024-07-20,f
t,5,CM-LT-NkongsambaIi,CM-NK2,2024-07-20,t
t,5,CM-LT-NkongsambaIii,cm;littoral;nkongsamba.iii,2024-07-20,f
t,5,CM-LT-NkongsambaIii,CM-NK3,2024-07-20,t
t,5,CM-LT-NkongsambaIii,cm;lt;nk3,2024-07-20,f
t,5,CM-LT-NkongsambaIii,cm;lt;nkongsamba.iii,2024-07-20,f
t,5,CM-LT-NkongsambaIii,CM-LT-NK3,2024-07-20,f
t,5,CM-LT-Nyanon,cm;littoral;nyanon,2024-07-20,f
t,5,CM-LT-Nyanon,CM-NYN,2024-07-20,t
t,5,CM-LT-Nyanon,CM-LT-NYN,2024-07-20,f
t,5,CM-LT-Nyanon,cm;lt;nyanon,2024-07-20,f
t,5,CM-LT-Nyanon,cm;lt;nyn,2024-07-20,f
t,5,CM-LT-Penja,CM-PNJ,2024-07-20,t
t,5,CM-LT-Penja,cm;lt;penja,2024-07-20,f
t,5,CM-LT-Penja,cm;littoral;penja,2024-07-20,f
t,5,CM-LT-Penja,cm;lt;pnj,2024-07-20,f
t,5,CM-LT-Penja,CM-LT-PNJ,2024-07-20,f
t,5,CM-LT-Pouma,cm;littoral;pouma,2024-07-20,f
t,5,CM-LT-Pouma,CM-PMA,2024-07-20,t
t,5,CM-LT-Pouma,cm;lt;pma,2024-07-20,f
t,5,CM-LT-Pouma,CM-LT-PMA,2024-07-20,f
t,5,CM-LT-Pouma,cm;lt;pouma,2024-07-20,f
t,5,CM-LT-Yabassi,CM-YAB,2024-07-20,t
t,5,CM-LT-Yabassi,CM-LT-YAB,2024-07-20,f
t,5,CM-LT-Yabassi,cm;lt;yab,2024-07-20,f
t,5,CM-LT-Yabassi,cm;littoral;yabassi,2024-07-20,f
t,5,CM-LT-Yabassi,cm;lt;yabassi,2024-07-20,f
t,5,CM-LT-Yingui,CM-YIN,2024-07-20,t
t,5,CM-LT-Yingui,cm;littoral;yingui,2024-07-20,f
t,5,CM-LT-Yingui,cm;lt;yingui,2024-07-20,f
t,5,CM-LT-Yingui,CM-LT-YIN,2024-07-20,f
t,5,CM-LT-Yingui,cm;lt;yin,2024-07-20,f
t,5,CM-NO,cm;no,2024-07-20,f
t,5,CM-NO,cm;nord,2024-07-20,f
t,5,CM-NO-Bascheo,cm;no;bascheo,2024-07-20,f
t,5,CM-NO-Bascheo,cm;nord;bascheo,2024-07-20,f
t,5,CM-NO-Bascheo,CM-NO-BAC,2024-07-20,f
t,5,CM-NO-Bascheo,CM-BAC,2024-07-20,t
t,5,CM-NO-Bascheo,cm;no;bac,2024-07-20,f
t,5,CM-NO-Beka,cm;no;bek,2024-07-20,f
t,5,CM-NO-Beka,CM-NO-BEK,2024-07-20,f
t,5,CM-NO-Beka,CM-BEK,2024-07-20,t
t,5,CM-NO-Beka,cm;nord;beka,2024-07-20,f
t,5,CM-NO-Beka,cm;no;beka,2024-07-20,f
t,5,CM-NO-Bibemi,CM-BBI,2024-07-20,t
t,5,CM-NO-Bibemi,cm;nord;bibemi,2024-07-20,f
t,5,CM-NO-Bibemi,CM-NO-BBI,2024-07-20,f
t,5,CM-NO-Bibemi,cm;no;bbi,2024-07-20,f
t,5,CM-NO-Bibemi,cm;no;bibemi,2024-07-20,f
t,5,CM-NO-Dembo,cm;nord;dembo,2024-07-20,f
t,5,CM-NO-Dembo,cm;no;dembo,2024-07-20,f
t,5,CM-NO-Dembo,CM-NO-DBO,2024-07-20,f
t,5,CM-NO-Dembo,cm;no;dbo,2024-07-20,f
t,5,CM-NO-Dembo,CM-DBO,2024-07-20,t
t,5,CM-NO-Figuil,CM-FIG,2024-07-20,t
t,5,CM-NO-Figuil,CM-NO-FIG,2024-07-20,f
t,5,CM-NO-Figuil,cm;nord;figuil,2024-07-20,f
t,5,CM-NO-Figuil,cm;no;figuil,2024-07-20,f
t,5,CM-NO-Figuil,cm;no;fig,2024-07-20,f
t,5,CM-NO-Gachiga,cm;no;gac,2024-07-20,f
t,5,CM-NO-Gachiga,cm;no;gachiga,2024-07-20,f
t,5,CM-NO-Gachiga,CM-GAC,2024-07-20,t
t,5,CM-NO-Gachiga,CM-NO-GAC,2024-07-20,f
t,5,CM-NO-Gachiga,cm;nord;gachiga,2024-07-20,f
t,5,CM-NO-GarouaI,cm;no;ga1,2024-07-20,f
t,5,CM-NO-GarouaI,cm;nord;garoua.i,2024-07-20,f
t,5,CM-NO-GarouaI,cm;no;garoua.i,2024-07-20,f
t,5,CM-NO-GarouaI,CM-NO-GA1,2024-07-20,f
t,5,CM-NO-GarouaI,CM-GA1,2024-07-20,t
t,5,CM-NO-GarouaIi,cm;no;ga2,2024-07-20,f
t,5,CM-NO-GarouaIi,CM-NO-GA2,2024-07-20,f
t,5,CM-NO-GarouaIi,CM-GA2,2024-07-20,t
t,5,CM-NO-GarouaIi,cm;nord;garoua.ii,2024-07-20,f
t,5,CM-NO-GarouaIi,cm;no;garoua.ii,2024-07-20,f
t,5,CM-NO-GarouaIii,cm;nord;garoua.iii,2024-07-20,f
t,5,CM-NO-GarouaIii,cm;no;ga3,2024-07-20,f
t,5,CM-NO-GarouaIii,cm;no;garoua.iii,2024-07-20,f
t,5,CM-NO-GarouaIii,CM-GA3,2024-07-20,t
t,5,CM-NO-GarouaIii,CM-NO-GA3,2024-07-20,f
t,5,CM-NO-Guider,CM-GER,2024-07-20,t
t,5,CM-NO-Guider,cm;nord;guider,2024-07-20,f
t,5,CM-NO-Guider,CM-NO-GER,2024-07-20,f
t,5,CM-NO-Guider,cm;no;guider,2024-07-20,f
t,5,CM-NO-Guider,cm;no;ger,2024-07-20,f
t,5,CM-NO-Lagdo,cm;no;lag,2024-07-20,f
t,5,CM-NO-Lagdo,cm;no;lagdo,2024-07-20,f
t,5,CM-NO-Lagdo,cm;nord;lagdo,2024-07-20,f
t,5,CM-NO-Lagdo,CM-LAG,2024-07-20,t
t,5,CM-NO-Lagdo,CM-NO-LAG,2024-07-20,f
t,5,CM-NO-Madingring,cm;nord;madingring,2024-07-20,f
t,5,CM-NO-Madingring,CM-MAD,2024-07-20,t
t,5,CM-NO-Madingring,cm;no;madingring,2024-07-20,f
t,5,CM-NO-Madingring,CM-NO-MAD,2024-07-20,f
t,5,CM-NO-Madingring,cm;no;mad,2024-07-20,f
t,5,CM-NO-MayoHourna,cm;no;mayo.hourna,2024-07-20,f
t,5,CM-NO-MayoHourna,cm;nord;mayo.hourna,2024-07-20,f
t,5,CM-NO-MayoHourna,cm;no;myh,2024-07-20,f
t,5,CM-NO-MayoHourna,CM-NO-MYH,2024-07-20,f
t,5,CM-NO-MayoHourna,CM-MYH,2024-07-20,t
t,5,CM-NO-MayoOulo,cm;nord;mayo.oulo,2024-07-20,f
t,5,CM-NO-MayoOulo,cm;no;mol,2024-07-20,f
t,5,CM-NO-MayoOulo,cm;no;mayo.oulo,2024-07-20,f
t,5,CM-NO-MayoOulo,CM-NO-MOL,2024-07-20,f
t,5,CM-NO-MayoOulo,CM-MOL,2024-07-20,t
t,5,CM-NO-Ngong,cm;no;ngn,2024-07-20,f
t,5,CM-NO-Ngong,CM-NGN,2024-07-20,t
t,5,CM-NO-Ngong,cm;nord;ngong,2024-07-20,f
t,5,CM-NO-Ngong,CM-NO-NGN,2024-07-20,f
t,5,CM-NO-Ngong,cm;no;ngong,2024-07-20,f
t,5,CM-NO-Pitoa,cm;nord;pitoa,2024-07-20,f
t,5,CM-NO-Pitoa,CM-PIT,2024-07-20,t
t,5,CM-NO-Pitoa,CM-NO-PIT,2024-07-20,f
t,5,CM-NO-Pitoa,cm;no;pit,2024-07-20,f
t,5,CM-NO-Pitoa,cm;no;pitoa,2024-07-20,f
t,5,CM-NO-Poli,cm;no;poli,2024-07-20,f
t,5,CM-NO-Poli,cm;nord;poli,2024-07-20,f
t,5,CM-NO-Poli,cm;no;pol,2024-07-20,f
t,5,CM-NO-Poli,CM-POL,2024-07-20,t
t,5,CM-NO-Poli,CM-NO-POL,2024-07-20,f
t,5,CM-NO-ReyBouba,cm;no;rba,2024-07-20,f
t,5,CM-NO-ReyBouba,CM-NO-RBA,2024-07-20,f
t,5,CM-NO-ReyBouba,cm;no;rey.bouba,2024-07-20,f
t,5,CM-NO-ReyBouba,cm;nord;rey.bouba,2024-07-20,f
t,5,CM-NO-ReyBouba,CM-RBA,2024-07-20,t
t,5,CM-NO-Tchollire,cm;no;tchollire,2024-07-20,f
t,5,CM-NO-Tchollire,CM-NO-TRL,2024-07-20,f
t,5,CM-NO-Tchollire,CM-TRL,2024-07-20,t
t,5,CM-NO-Tchollire,cm;nord;tchollire,2024-07-20,f
t,5,CM-NO-Tchollire,cm;no;trl,2024-07-20,f
t,5,CM-NO-Touboro,cm;no;touboro,2024-07-20,f
t,5,CM-NO-Touboro,CM-TRO,2024-07-20,t
t,5,CM-NO-Touboro,cm;nord;touboro,2024-07-20,f
t,5,CM-NO-Touboro,CM-NO-TRO,2024-07-20,f
t,5,CM-NO-Touboro,cm;no;tro,2024-07-20,f
t,5,CM-NO-Touroua,CM-NO-TUA,2024-07-20,f
t,5,CM-NO-Touroua,cm;no;touroua,2024-07-20,f
t,5,CM-NO-Touroua,cm;no;tua,2024-07-20,f
t,5,CM-NO-Touroua,CM-TUA,2024-07-20,t
t,5,CM-NO-Touroua,cm;nord;touroua,2024-07-20,f
t,5,CM-NW,cm;nw,2024-07-20,f
t,5,CM-NW,cm;nord.ouest,2024-07-20,f
t,5,CM-NW-Ako,CM-NW-AKO,2024-07-20,f
t,5,CM-NW-Ako,CM-AKO,2024-07-20,t
t,5,CM-NW-Ako,cm;nord.ouest;ako,2024-07-20,f
t,5,CM-NW-Ako,cm;nw;ako,2024-07-20,f
t,5,CM-NW-Andek,CM-AND,2024-07-20,t
t,5,CM-NW-Andek,cm;nw;andek,2024-07-20,f
t,5,CM-NW-Andek,cm;nord.ouest;andek,2024-07-20,f
t,5,CM-NW-Andek,cm;nw;and,2024-07-20,f
t,5,CM-NW-Andek,CM-NW-AND,2024-07-20,f
t,5,CM-NW-Babessi,CM-NW-BAS,2024-07-20,f
t,5,CM-NW-Babessi,cm;nord.ouest;babessi,2024-07-20,f
t,5,CM-NW-Babessi,CM-BAS,2024-07-20,t
t,5,CM-NW-Babessi,cm;nw;babessi,2024-07-20,f
t,5,CM-NW-Babessi,cm;nw;bas,2024-07-20,f
t,5,CM-NW-Bafut,CM-NW-BFT,2024-07-20,f
t,5,CM-NW-Bafut,cm;nord.ouest;bafut,2024-07-20,f
t,5,CM-NW-Bafut,CM-BFT,2024-07-20,t
t,5,CM-NW-Bafut,cm;nw;bafut,2024-07-20,f
t,5,CM-NW-Bafut,cm;nw;bft,2024-07-20,f
t,5,CM-NW-Bali,CM-NW-BLI,2024-07-20,f
t,5,CM-NW-Bali,CM-BLI,2024-07-20,t
t,5,CM-NW-Bali,cm;nord.ouest;bali,2024-07-20,f
t,5,CM-NW-Bali,cm;nw;bali,2024-07-20,f
t,5,CM-NW-Bali,cm;nw;bli,2024-07-20,f
t,5,CM-NW-Balikumbat,cm;nord.ouest;balikumbat,2024-07-20,f
t,5,CM-NW-Balikumbat,cm;nw;balikumbat,2024-07-20,f
t,5,CM-NW-Balikumbat,cm;nw;blk,2024-07-20,f
t,5,CM-NW-Balikumbat,CM-BLK,2024-07-20,t
t,5,CM-NW-Balikumbat,CM-NW-BLK,2024-07-20,f
t,5,CM-NW-BamendaI,cm;nw;bamenda.i,2024-07-20,f
t,5,CM-NW-BamendaI,CM-NW-BM1,2024-07-20,f
t,5,CM-NW-BamendaI,cm;nw;bm1,2024-07-20,f
t,5,CM-NW-BamendaI,CM-BM1,2024-07-20,t
t,5,CM-NW-BamendaI,cm;nord.ouest;bamenda.i,2024-07-20,f
t,5,CM-NW-BamendaIi,CM-NW-BM2,2024-07-20,f
t,5,CM-NW-BamendaIi,CM-BM2,2024-07-20,t
t,5,CM-NW-BamendaIi,cm;nw;bamenda.ii,2024-07-20,f
t,5,CM-NW-BamendaIi,cm;nw;bm2,2024-07-20,f
t,5,CM-NW-BamendaIi,cm;nord.ouest;bamenda.ii,2024-07-20,f
t,5,CM-NW-BamendaIii,cm;nord.ouest;bamenda.iii,2024-07-20,f
t,5,CM-NW-BamendaIii,CM-NW-BM3,2024-07-20,f
t,5,CM-NW-BamendaIii,CM-BM3,2024-07-20,t
t,5,CM-NW-BamendaIii,cm;nw;bamenda.iii,2024-07-20,f
t,5,CM-NW-BamendaIii,cm;nw;bm3,2024-07-20,f
t,5,CM-NW-Batibo,cm;nw;batibo,2024-07-20,f
t,5,CM-NW-Batibo,cm;nw;bao,2024-07-20,f
t,5,CM-NW-Batibo,CM-NW-BAO,2024-07-20,f
t,5,CM-NW-Batibo,CM-BAO,2024-07-20,t
t,5,CM-NW-Batibo,cm;nord.ouest;batibo,2024-07-20,f
t,5,CM-NW-Belo,cm;nw;belo,2024-07-20,f
t,5,CM-NW-Belo,CM-BEL,2024-07-20,t
t,5,CM-NW-Belo,CM-NW-BEL,2024-07-20,f
t,5,CM-NW-Belo,cm;nw;bel,2024-07-20,f
t,5,CM-NW-Belo,cm;nord.ouest;belo,2024-07-20,f
t,5,CM-NW-Benakuma,cm;nord.ouest;benakuma,2024-07-20,f
t,5,CM-NW-Benakuma,cm;nw;benakuma,2024-07-20,f
t,5,CM-NW-Benakuma,cm;nw;bka,2024-07-20,f
t,5,CM-NW-Benakuma,CM-NW-BKA,2024-07-20,f
t,5,CM-NW-Benakuma,CM-BKA,2024-07-20,t
t,5,CM-NW-Elak,cm;nw;elak,2024-07-20,f
t,5,CM-NW-Elak,CM-ELA,2024-07-20,t
t,5,CM-NW-Elak,cm;nw;ela,2024-07-20,f
t,5,CM-NW-Elak,cm;nord.ouest;elak,2024-07-20,f
t,5,CM-NW-Elak,CM-NW-ELA,2024-07-20,f
t,5,CM-NW-Fonfuka,CM-FON,2024-07-20,t
t,5,CM-NW-Fonfuka,CM-NW-FON,2024-07-20,f
t,5,CM-NW-Fonfuka,cm;nord.ouest;fonfuka,2024-07-20,f
t,5,CM-NW-Fonfuka,cm;nw;fonfuka,2024-07-20,f
t,5,CM-NW-Fonfuka,cm;nw;fon,2024-07-20,f
t,5,CM-NW-Fundong,cm;nw;fng,2024-07-20,f
t,5,CM-NW-Fundong,CM-FNG,2024-07-20,t
t,5,CM-NW-Fundong,CM-NW-FNG,2024-07-20,f
t,5,CM-NW-Fundong,cm;nw;fundong,2024-07-20,f
t,5,CM-NW-Fundong,cm;nord.ouest;fundong,2024-07-20,f
t,5,CM-NW-FuruAwa,CM-NW-FUA,2024-07-20,f
t,5,CM-NW-FuruAwa,cm;nw;furu.awa,2024-07-20,f
t,5,CM-NW-FuruAwa,cm;nord.ouest;furu.awa,2024-07-20,f
t,5,CM-NW-FuruAwa,cm;nw;fua,2024-07-20,f
t,5,CM-NW-FuruAwa,CM-FUA,2024-07-20,t
t,5,CM-NW-Jakiri,cm;nw;jakiri,2024-07-20,f
t,5,CM-NW-Jakiri,CM-NW-JAK,2024-07-20,f
t,5,CM-NW-Jakiri,cm;nord.ouest;jakiri,2024-07-20,f
t,5,CM-NW-Jakiri,CM-JAK,2024-07-20,t
t,5,CM-NW-Jakiri,cm;nw;jak,2024-07-20,f
t,5,CM-NW-Kumbo,CM-KBO,2024-07-20,t
t,5,CM-NW-Kumbo,cm;nw;kumbo,2024-07-20,f
t,5,CM-NW-Kumbo,cm;nord.ouest;kumbo,2024-07-20,f
t,5,CM-NW-Kumbo,CM-NW-KBO,2024-07-20,f
t,5,CM-NW-Kumbo,cm;nw;kbo,2024-07-20,f
t,5,CM-NW-Mbengwi,cm;nord.ouest;mbengwi,2024-07-20,f
t,5,CM-NW-Mbengwi,cm;nw;mbengwi,2024-07-20,f
t,5,CM-NW-Mbengwi,cm;nw;mwi,2024-07-20,f
t,5,CM-NW-Mbengwi,CM-MWI,2024-07-20,t
t,5,CM-NW-Mbengwi,CM-NW-MWI,2024-07-20,f
t,5,CM-NW-Mbiame,cm;nord.ouest;mbiame,2024-07-20,f
t,5,CM-NW-Mbiame,cm;nw;mbiame,2024-07-20,f
t,5,CM-NW-Mbiame,CM-NW-MBI,2024-07-20,f
t,5,CM-NW-Mbiame,cm;nw;mbi,2024-07-20,f
t,5,CM-NW-Mbiame,CM-MBI,2024-07-20,t
t,5,CM-NW-Misaje,CM-NW-MJE,2024-07-20,f
t,5,CM-NW-Misaje,cm;nw;misaje,2024-07-20,f
t,5,CM-NW-Misaje,CM-MJE,2024-07-20,t
t,5,CM-NW-Misaje,cm;nw;mje,2024-07-20,f
t,5,CM-NW-Misaje,cm;nord.ouest;misaje,2024-07-20,f
t,5,CM-NW-Ndop,cm;nw;ndp,2024-07-20,f
t,5,CM-NW-Ndop,CM-NDP,2024-07-20,t
t,5,CM-NW-Ndop,cm;nord.ouest;ndop,2024-07-20,f
t,5,CM-NW-Ndop,CM-NW-NDP,2024-07-20,f
t,5,CM-NW-Ndop,cm;nw;ndop,2024-07-20,f
t,5,CM-NW-Ndu,cm;nw;ndu,2024-07-20,f
t,5,CM-NW-Ndu,CM-NDU,2024-07-20,t
t,5,CM-NW-Ndu,CM-NW-NDU,2024-07-20,f
t,5,CM-NW-Ndu,cm;nord.ouest;ndu,2024-07-20,f
t,5,CM-NW-Nijkwa,cm;nord.ouest;nijkwa,2024-07-20,f
t,5,CM-NW-Nijkwa,CM-NW-NJK,2024-07-20,f
t,5,CM-NW-Nijkwa,CM-NJK,2024-07-20,t
t,5,CM-NW-Nijkwa,cm;nw;njk,2024-07-20,f
t,5,CM-NW-Nijkwa,cm;nw;nijkwa,2024-07-20,f
t,5,CM-NW-Njinikom,cm;nw;nkm,2024-07-20,f
t,5,CM-NW-Njinikom,cm;nw;njinikom,2024-07-20,f
t,5,CM-NW-Njinikom,cm;nord.ouest;njinikom,2024-07-20,f
t,5,CM-NW-Njinikom,CM-NW-NKM,2024-07-20,f
t,5,CM-NW-Njinikom,CM-NKM,2024-07-20,t
t,5,CM-NW-Nkambe,CM-NKA,2024-07-20,t
t,5,CM-NW-Nkambe,CM-NW-NKA,2024-07-20,f
t,5,CM-NW-Nkambe,cm;nw;nka,2024-07-20,f
t,5,CM-NW-Nkambe,cm;nw;nkambe,2024-07-20,f
t,5,CM-NW-Nkambe,cm;nord.ouest;nkambe,2024-07-20,f
t,5,CM-NW-Nkor,CM-NW-NKR,2024-07-20,f
t,5,CM-NW-Nkor,cm;nw;nkor,2024-07-20,f
t,5,CM-NW-Nkor,cm;nw;nkr,2024-07-20,f
t,5,CM-NW-Nkor,CM-NKR,2024-07-20,t
t,5,CM-NW-Nkor,cm;nord.ouest;nkor,2024-07-20,f
t,5,CM-NW-Nkum,CM-NW-NKU,2024-07-20,f
t,5,CM-NW-Nkum,cm;nw;nku,2024-07-20,f
t,5,CM-NW-Nkum,CM-NKU,2024-07-20,t
t,5,CM-NW-Nkum,cm;nw;nkum,2024-07-20,f
t,5,CM-NW-Nkum,cm;nord.ouest;nkum,2024-07-20,f
t,5,CM-NW-Nwa,CM-NWA,2024-07-20,t
t,5,CM-NW-Nwa,cm;nord.ouest;nwa,2024-07-20,f
t,5,CM-NW-Nwa,cm;nw;nwa,2024-07-20,f
t,5,CM-NW-Nwa,CM-NW-NWA,2024-07-20,f
t,5,CM-NW-Santa,cm;nw;santa,2024-07-20,f
t,5,CM-NW-Santa,cm;nord.ouest;santa,2024-07-20,f
t,5,CM-NW-Santa,CM-NW-STA,2024-07-20,f
t,5,CM-NW-Santa,cm;nw;sta,2024-07-20,f
t,5,CM-NW-Santa,CM-STA,2024-07-20,t
t,5,CM-NW-Tubah,cm;nw;tubah,2024-07-20,f
t,5,CM-NW-Tubah,cm;nw;tub,2024-07-20,f
t,5,CM-NW-Tubah,CM-TUB,2024-07-20,t
t,5,CM-NW-Tubah,cm;nord.ouest;tubah,2024-07-20,f
t,5,CM-NW-Tubah,CM-NW-TUB,2024-07-20,f
t,5,CM-NW-WidikumBoffe,cm;nord.ouest;widikum.boffe,2024-07-20,f
t,5,CM-NW-WidikumBoffe,cm;nw;widikum.boffe,2024-07-20,f
t,5,CM-NW-WidikumBoffe,CM-WID,2024-07-20,t
t,5,CM-NW-WidikumBoffe,CM-NW-WID,2024-07-20,f
t,5,CM-NW-WidikumBoffe,cm;nw;wid,2024-07-20,f
t,5,CM-NW-Wum,cm;nw;wum,2024-07-20,f
t,5,CM-NW-Wum,CM-NW-WUM,2024-07-20,f
t,5,CM-NW-Wum,CM-WUM,2024-07-20,t
t,5,CM-NW-Wum,cm;nord.ouest;wum,2024-07-20,f
t,5,CM-NW-Zhoa,CM-ZOA,2024-07-20,t
t,5,CM-NW-Zhoa,cm;nord.ouest;zhoa,2024-07-20,f
t,5,CM-NW-Zhoa,cm;nw;zoa,2024-07-20,f
t,5,CM-NW-Zhoa,cm;nw;zhoa,2024-07-20,f
t,5,CM-NW-Zhoa,CM-NW-ZOA,2024-07-20,f
t,5,CM-OU,cm;ou,2024-07-20,f
t,5,CM-OU,cm;ouest,2024-07-20,f
t,5,CM-OU-Babadjou,CM-OU-BAB,2024-07-20,f
t,5,CM-OU-Babadjou,cm;ouest;babadjou,2024-07-20,f
t,5,CM-OU-Babadjou,cm;ou;babadjou,2024-07-20,f
t,5,CM-OU-Babadjou,CM-BAB,2024-07-20,t
t,5,CM-OU-Babadjou,cm;ou;bab,2024-07-20,f
t,5,CM-OU-Bafang,CM-BFG,2024-07-20,t
t,5,CM-OU-Bafang,cm;ou;bafang,2024-07-20,f
t,5,CM-OU-Bafang,CM-OU-BFG,2024-07-20,f
t,5,CM-OU-Bafang,cm;ou;bfg,2024-07-20,f
t,5,CM-OU-Bafang,cm;ouest;bafang,2024-07-20,f
t,5,CM-OU-BafoussamI,CM-OU-BA1,2024-07-20,f
t,5,CM-OU-BafoussamI,cm;ou;ba1,2024-07-20,f
t,5,CM-OU-BafoussamI,CM-BA1,2024-07-20,t
t,5,CM-OU-BafoussamI,cm;ouest;bafoussam.i,2024-07-20,f
t,5,CM-OU-BafoussamI,cm;ou;bafoussam.i,2024-07-20,f
t,5,CM-OU-BafoussamIi,cm;ou;ba2,2024-07-20,f
t,5,CM-OU-BafoussamIi,CM-OU-BA2,2024-07-20,f
t,5,CM-OU-BafoussamIi,CM-BA2,2024-07-20,t
t,5,CM-OU-BafoussamIi,cm;ouest;bafoussam.ii,2024-07-20,f
t,5,CM-OU-BafoussamIi,cm;ou;bafoussam.ii,2024-07-20,f
t,5,CM-OU-BafoussamIii,CM-BA3,2024-07-20,t
t,5,CM-OU-BafoussamIii,cm;ouest;bafoussam.iii,2024-07-20,f
t,5,CM-OU-BafoussamIii,cm;ou;ba3,2024-07-20,f
t,5,CM-OU-BafoussamIii,cm;ou;bafoussam.iii,2024-07-20,f
t,5,CM-OU-BafoussamIii,CM-OU-BA3,2024-07-20,f
t,5,CM-OU-Baham,cm;ou;baham,2024-07-20,f
t,5,CM-OU-Baham,CM-OU-BAH,2024-07-20,f
t,5,CM-OU-Baham,cm;ou;bah,2024-07-20,f
t,5,CM-OU-Baham,CM-BAH,2024-07-20,t
t,5,CM-OU-Baham,cm;ouest;baham,2024-07-20,f
t,5,CM-OU-Bakou,CM-BAK,2024-07-20,t
t,5,CM-OU-Bakou,cm;ou;bakou,2024-07-20,f
t,5,CM-OU-Bakou,cm;ou;bak,2024-07-20,f
t,5,CM-OU-Bakou,cm;ouest;bakou,2024-07-20,f
t,5,CM-OU-Bakou,CM-OU-BAK,2024-07-20,f
t,5,CM-OU-Bamendjou,cm;ou;baj,2024-07-20,f
t,5,CM-OU-Bamendjou,CM-OU-BAJ,2024-07-20,f
t,5,CM-OU-Bamendjou,CM-BAJ,2024-07-20,t
t,5,CM-OU-Bamendjou,cm;ouest;bamendjou,2024-07-20,f
t,5,CM-OU-Bamendjou,cm;ou;bamendjou,2024-07-20,f
t,5,CM-OU-Bana,CM-OU-BAN,2024-07-20,f
t,5,CM-OU-Bana,cm;ou;ban,2024-07-20,f
t,5,CM-OU-Bana,CM-BAN,2024-07-20,t
t,5,CM-OU-Bana,cm;ou;bana,2024-07-20,f
t,5,CM-OU-Bana,cm;ouest;bana,2024-07-20,f
t,5,CM-OU-Bandja,cm;ouest;bandja,2024-07-20,f
t,5,CM-OU-Bandja,CM-BJA,2024-07-20,t
t,5,CM-OU-Bandja,CM-OU-BJA,2024-07-20,f
t,5,CM-OU-Bandja,cm;ou;bandja,2024-07-20,f
t,5,CM-OU-Bandja,cm;ou;bja,2024-07-20,f
t,5,CM-OU-Bangangte,cm;ou;bae,2024-07-20,f
t,5,CM-OU-Bangangte,cm;ouest;bangangte,2024-07-20,f
t,5,CM-OU-Bangangte,CM-OU-BAE,2024-07-20,f
t,5,CM-OU-Bangangte,cm;ou;bangangte,2024-07-20,f
t,5,CM-OU-Bangangte,CM-BAE,2024-07-20,t
t,5,CM-OU-Bangou,cm;ou;bag,2024-07-20,f
t,5,CM-OU-Bangou,cm;ou;bangou,2024-07-20,f
t,5,CM-OU-Bangou,CM-BAG,2024-07-20,t
t,5,CM-OU-Bangou,cm;ouest;bangou,2024-07-20,f
t,5,CM-OU-Bangou,CM-OU-BAG,2024-07-20,f
t,5,CM-OU-Bangourain,cm;ou;bangourain,2024-07-20,f
t,5,CM-OU-Bangourain,CM-OU-BAR,2024-07-20,f
t,5,CM-OU-Bangourain,CM-BAR,2024-07-20,t
t,5,CM-OU-Bangourain,cm;ouest;bangourain,2024-07-20,f
t,5,CM-OU-Bangourain,cm;ou;bar,2024-07-20,f
t,5,CM-OU-Banka,CM-BNK,2024-07-20,t
t,5,CM-OU-Banka,cm;ouest;banka,2024-07-20,f
t,5,CM-OU-Banka,cm;ou;bnk,2024-07-20,f
t,5,CM-OU-Banka,CM-OU-BNK,2024-07-20,f
t,5,CM-OU-Banka,cm;ou;banka,2024-07-20,f
t,5,CM-OU-Banwa,CM-BWA,2024-07-20,t
t,5,CM-OU-Banwa,cm;ou;bwa,2024-07-20,f
t,5,CM-OU-Banwa,cm;ouest;banwa,2024-07-20,f
t,5,CM-OU-Banwa,cm;ou;banwa,2024-07-20,f
t,5,CM-OU-Banwa,CM-OU-BWA,2024-07-20,f
t,5,CM-OU-Bassamba,cm;ou;bma,2024-07-20,f
t,5,CM-OU-Bassamba,CM-OU-BMA,2024-07-20,f
t,5,CM-OU-Bassamba,cm;ou;bassamba,2024-07-20,f
t,5,CM-OU-Bassamba,cm;ouest;bassamba,2024-07-20,f
t,5,CM-OU-Bassamba,CM-BMA,2024-07-20,t
t,5,CM-OU-Batcham,CM-OU-BAT,2024-07-20,f
t,5,CM-OU-Batcham,cm;ou;batcham,2024-07-20,f
t,5,CM-OU-Batcham,cm;ou;bat,2024-07-20,f
t,5,CM-OU-Batcham,cm;ouest;batcham,2024-07-20,f
t,5,CM-OU-Batcham,CM-BAT,2024-07-20,t
t,5,CM-OU-Batie,cm;ou;batie,2024-07-20,f
t,5,CM-OU-Batie,cm;ouest;batie,2024-07-20,f
t,5,CM-OU-Batie,CM-OU-BIE,2024-07-20,f
t,5,CM-OU-Batie,CM-BIE,2024-07-20,t
t,5,CM-OU-Batie,cm;ou;bie,2024-07-20,f
t,5,CM-OU-Bayangam,CM-OU-BYM,2024-07-20,f
t,5,CM-OU-Bayangam,cm;ou;bym,2024-07-20,f
t,5,CM-OU-Bayangam,cm;ouest;bayangam,2024-07-20,f
t,5,CM-OU-Bayangam,CM-BYM,2024-07-20,t
t,5,CM-OU-Bayangam,cm;ou;bayangam,2024-07-20,f
t,5,CM-OU-Bazou,cm;ouest;bazou,2024-07-20,f
t,5,CM-OU-Bazou,cm;ou;bazou,2024-07-20,f
t,5,CM-OU-Bazou,CM-OU-BAZ,2024-07-20,f
t,5,CM-OU-Bazou,cm;ou;baz,2024-07-20,f
t,5,CM-OU-Bazou,CM-BAZ,2024-07-20,t
t,5,CM-OU-Demding,cm;ou;dem,2024-07-20,f
t,5,CM-OU-Demding,cm;ouest;demding,2024-07-20,f
t,5,CM-OU-Demding,CM-OU-DEM,2024-07-20,f
t,5,CM-OU-Demding,cm;ou;demding,2024-07-20,f
t,5,CM-OU-Demding,CM-DEM,2024-07-20,t
t,5,CM-OU-Dschang,cm;ou;dsc,2024-07-20,f
t,5,CM-OU-Dschang,CM-OU-DSC,2024-07-20,f
t,5,CM-OU-Dschang,cm;ouest;dschang,2024-07-20,f
t,5,CM-OU-Dschang,CM-DSC,2024-07-20,t
t,5,CM-OU-Dschang,cm;ou;dschang,2024-07-20,f
t,5,CM-OU-Fokoue,cm;ou;fokoue,2024-07-20,f
t,5,CM-OU-Fokoue,cm;ouest;fokoue,2024-07-20,f
t,5,CM-OU-Fokoue,CM-OU-FOK,2024-07-20,f
t,5,CM-OU-Fokoue,CM-FOK,2024-07-20,t
t,5,CM-OU-Fokoue,cm;ou;fok,2024-07-20,f
t,5,CM-OU-FongoTongo,CM-OU-FGT,2024-07-20,f
t,5,CM-OU-FongoTongo,cm;ouest;fongo.tongo,2024-07-20,f
t,5,CM-OU-FongoTongo,cm;ou;fgt,2024-07-20,f
t,5,CM-OU-FongoTongo,cm;ou;fongo.tongo,2024-07-20,f
t,5,CM-OU-FongoTongo,CM-FGT,2024-07-20,t
t,5,CM-OU-Foumban,CM-FAN,2024-07-20,t
t,5,CM-OU-Foumban,CM-OU-FAN,2024-07-20,f
t,5,CM-OU-Foumban,cm;ou;foumban,2024-07-20,f
t,5,CM-OU-Foumban,cm;ou;fan,2024-07-20,f
t,5,CM-OU-Foumban,cm;ouest;foumban,2024-07-20,f
t,5,CM-OU-Foumbot,cm;ouest;foumbot,2024-07-20,f
t,5,CM-OU-Foumbot,CM-OU-FBT,2024-07-20,f
t,5,CM-OU-Foumbot,CM-FBT,2024-07-20,t
t,5,CM-OU-Foumbot,cm;ou;fbt,2024-07-20,f
t,5,CM-OU-Foumbot,cm;ou;foumbot,2024-07-20,f
t,5,CM-OU-Galim,CM-OU-GAL,2024-07-20,f
t,5,CM-OU-Galim,cm;ou;gal,2024-07-20,f
t,5,CM-OU-Galim,cm;ou;galim,2024-07-20,f
t,5,CM-OU-Galim,CM-GAL,2024-07-20,t
t,5,CM-OU-Galim,cm;ouest;galim,2024-07-20,f
t,5,CM-OU-Kekem,cm;ouest;kekem,2024-07-20,f
t,5,CM-OU-Kekem,CM-KEK,2024-07-20,t
t,5,CM-OU-Kekem,CM-OU-KEK,2024-07-20,f
t,5,CM-OU-Kekem,cm;ou;kek,2024-07-20,f
t,5,CM-OU-Kekem,cm;ou;kekem,2024-07-20,f
t,5,CM-OU-Kouoptamo,CM-KMO,2024-07-20,t
t,5,CM-OU-Kouoptamo,cm;ou;kouoptamo,2024-07-20,f
t,5,CM-OU-Kouoptamo,cm;ou;kmo,2024-07-20,f
t,5,CM-OU-Kouoptamo,cm;ouest;kouoptamo,2024-07-20,f
t,5,CM-OU-Kouoptamo,CM-OU-KMO,2024-07-20,f
t,5,CM-OU-Koutaba,cm;ouest;koutaba,2024-07-20,f
t,5,CM-OU-Koutaba,cm;ou;koutaba,2024-07-20,f
t,5,CM-OU-Koutaba,cm;ou;ktb,2024-07-20,f
t,5,CM-OU-Koutaba,CM-OU-KTB,2024-07-20,f
t,5,CM-OU-Koutaba,CM-KTB,2024-07-20,t
t,5,CM-OU-Magba,CM-MAG,2024-07-20,t
t,5,CM-OU-Magba,CM-OU-MAG,2024-07-20,f
t,5,CM-OU-Magba,cm;ou;magba,2024-07-20,f
t,5,CM-OU-Magba,cm;ouest;magba,2024-07-20,f
t,5,CM-OU-Magba,cm;ou;mag,2024-07-20,f
t,5,CM-OU-Malentouen,CM-MEN,2024-07-20,t
t,5,CM-OU-Malentouen,cm;ou;malentouen,2024-07-20,f
t,5,CM-OU-Malentouen,cm;ou;men,2024-07-20,f
t,5,CM-OU-Malentouen,cm;ouest;malentouen,2024-07-20,f
t,5,CM-OU-Malentouen,CM-OU-MEN,2024-07-20,f
t,5,CM-OU-Massangam,CM-MSN,2024-07-20,t
t,5,CM-OU-Massangam,cm;ou;massangam,2024-07-20,f
t,5,CM-OU-Massangam,cm;ou;msn,2024-07-20,f
t,5,CM-OU-Massangam,CM-OU-MSN,2024-07-20,f
t,5,CM-OU-Massangam,cm;ouest;massangam,2024-07-20,f
t,5,CM-OU-Mbouda,cm;ou;mda,2024-07-20,f
t,5,CM-OU-Mbouda,cm;ou;mbouda,2024-07-20,f
t,5,CM-OU-Mbouda,CM-OU-MDA,2024-07-20,f
t,5,CM-OU-Mbouda,CM-MDA,2024-07-20,t
t,5,CM-OU-Mbouda,cm;ouest;mbouda,2024-07-20,f
t,5,CM-OU-Njimom,CM-NMM,2024-07-20,t
t,5,CM-OU-Njimom,cm;ouest;njimom,2024-07-20,f
t,5,CM-OU-Njimom,CM-OU-NMM,2024-07-20,f
t,5,CM-OU-Njimom,cm;ou;njimom,2024-07-20,f
t,5,CM-OU-Njimom,cm;ou;nmm,2024-07-20,f
t,5,CM-OU-NkongZem,cm;ouest;nkong.zem,2024-07-20,f
t,5,CM-OU-NkongZem,cm;ou;nko,2024-07-20,f
t,5,CM-OU-NkongZem,cm;ou;nkong.zem,2024-07-20,f
t,5,CM-OU-NkongZem,CM-OU-NKO,2024-07-20,f
t,5,CM-OU-NkongZem,CM-NKO,2024-07-20,t
t,5,CM-OU-PenkaMichel,CM-PEN,2024-07-20,t
t,5,CM-OU-PenkaMichel,CM-OU-PEN,2024-07-20,f
t,5,CM-OU-PenkaMichel,cm;ou;penka.michel,2024-07-20,f
t,5,CM-OU-PenkaMichel,cm;ouest;penka.michel,2024-07-20,f
t,5,CM-OU-PenkaMichel,cm;ou;pen,2024-07-20,f
t,5,CM-OU-PeteBandjoun,cm;ou;pete.bandjoun,2024-07-20,f
t,5,CM-OU-PeteBandjoun,CM-PTB,2024-07-20,t
t,5,CM-OU-PeteBandjoun,cm;ou;ptb,2024-07-20,f
t,5,CM-OU-PeteBandjoun,CM-OU-PTB,2024-07-20,f
t,5,CM-OU-PeteBandjoun,cm;ouest;pete.bandjoun,2024-07-20,f
t,5,CM-OU-Santchou,CM-OU-SOU,2024-07-20,f
t,5,CM-OU-Santchou,cm;ou;sou,2024-07-20,f
t,5,CM-OU-Santchou,cm;ou;santchou,2024-07-20,f
t,5,CM-OU-Santchou,cm;ouest;santchou,2024-07-20,f
t,5,CM-OU-Santchou,CM-SOU,2024-07-20,t
t,5,CM-OU-Tonga,cm;ou;tonga,2024-07-20,f
t,5,CM-OU-Tonga,CM-OU-TGA,2024-07-20,f
t,5,CM-OU-Tonga,cm;ou;tga,2024-07-20,f
t,5,CM-OU-Tonga,CM-TGA,2024-07-20,t
t,5,CM-OU-Tonga,cm;ouest;tonga,2024-07-20,f
t,5,CM-SU,cm;sud,2024-07-20,f
t,5,CM-SU,cm;su,2024-07-20,f
t,5,CM-SU-AkomIi,cm;sud;akom.ii,2024-07-20,f
t,5,CM-SU-AkomIi,cm;su;akom.ii,2024-07-20,f
t,5,CM-SU-AkomIi,cm;su;ak2,2024-07-20,f
t,5,CM-SU-AkomIi,CM-AK2,2024-07-20,t
t,5,CM-SU-AkomIi,CM-SU-AK2,2024-07-20,f
t,5,CM-SU-Ambam,CM-AMB,2024-07-20,t
t,5,CM-SU-Ambam,cm;sud;ambam,2024-07-20,f
t,5,CM-SU-Ambam,CM-SU-AMB,2024-07-20,f
t,5,CM-SU-Ambam,cm;su;ambam,2024-07-20,f
t,5,CM-SU-Ambam,cm;su;amb,2024-07-20,f
t,5,CM-SU-Bengbis,cm;su;ben,2024-07-20,f
t,5,CM-SU-Bengbis,CM-SU-BEN,2024-07-20,f
t,5,CM-SU-Bengbis,cm;sud;bengbis,2024-07-20,f
t,5,CM-SU-Bengbis,CM-BEN,2024-07-20,t
t,5,CM-SU-Bengbis,cm;su;bengbis,2024-07-20,f
t,5,CM-SU-Bipindi,cm;su;bni,2024-07-20,f
t,5,CM-SU-Bipindi,cm;sud;bipindi,2024-07-20,f
t,5,CM-SU-Bipindi,CM-BNI,2024-07-20,t
t,5,CM-SU-Bipindi,cm;su;bipindi,2024-07-20,f
t,5,CM-SU-Bipindi,CM-SU-BNI,2024-07-20,f
t,5,CM-SU-BiwongBane,CM-BWE,2024-07-20,t
t,5,CM-SU-BiwongBane,cm;su;bwe,2024-07-20,f
t,5,CM-SU-BiwongBane,cm;sud;biwong.bane,2024-07-20,f
t,5,CM-SU-BiwongBane,CM-SU-BWE,2024-07-20,f
t,5,CM-SU-BiwongBane,cm;su;biwong.bane,2024-07-20,f
t,5,CM-SU-BiwongBulu,cm;su;bgu,2024-07-20,f
t,5,CM-SU-BiwongBulu,CM-BGU,2024-07-20,t
t,5,CM-SU-BiwongBulu,cm;sud;biwong.bulu,2024-07-20,f
t,5,CM-SU-BiwongBulu,cm;su;biwong.bulu,2024-07-20,f
t,5,CM-SU-BiwongBulu,CM-SU-BGU,2024-07-20,f
t,5,CM-SU-Campo,cm;su;campo,2024-07-20,f
t,5,CM-SU-Campo,CM-SU-CAM,2024-07-20,f
t,5,CM-SU-Campo,CM-CAM,2024-07-20,t
t,5,CM-SU-Campo,cm;sud;campo,2024-07-20,f
t,5,CM-SU-Campo,cm;su;cam,2024-07-20,f
t,5,CM-SU-Djoum,cm;sud;djoum,2024-07-20,f
t,5,CM-SU-Djoum,cm;su;djm,2024-07-20,f
t,5,CM-SU-Djoum,cm;su;djoum,2024-07-20,f
t,5,CM-SU-Djoum,CM-SU-DJM,2024-07-20,f
t,5,CM-SU-Djoum,CM-DJM,2024-07-20,t
t,5,CM-SU-EbolowaI,cm;sud;ebolowa.i,2024-07-20,f
t,5,CM-SU-EbolowaI,CM-SU-EB1,2024-07-20,f
t,5,CM-SU-EbolowaI,cm;su;eb1,2024-07-20,f
t,5,CM-SU-EbolowaI,CM-EB1,2024-07-20,t
t,5,CM-SU-EbolowaI,cm;su;ebolowa.i,2024-07-20,f
t,5,CM-SU-EbolowaIi,CM-EB2,2024-07-20,t
t,5,CM-SU-EbolowaIi,cm;su;eb2,2024-07-20,f
t,5,CM-SU-EbolowaIi,cm;su;ebolowa.ii,2024-07-20,f
t,5,CM-SU-EbolowaIi,CM-SU-EB2,2024-07-20,f
t,5,CM-SU-EbolowaIi,cm;sud;ebolowa.ii,2024-07-20,f
t,5,CM-SU-Efoulan,CM-EFO,2024-07-20,t
t,5,CM-SU-Efoulan,cm;su;efo,2024-07-20,f
t,5,CM-SU-Efoulan,cm;su;efoulan,2024-07-20,f
t,5,CM-SU-Efoulan,cm;sud;efoulan,2024-07-20,f
t,5,CM-SU-Efoulan,CM-SU-EFO,2024-07-20,f
t,5,CM-SU-KribiI,CM-SU-KR1,2024-07-20,f
t,5,CM-SU-KribiI,cm;sud;kribi.i,2024-07-20,f
t,5,CM-SU-KribiI,cm;su;kr1,2024-07-20,f
t,5,CM-SU-KribiI,cm;su;kribi.i,2024-07-20,f
t,5,CM-SU-KribiI,CM-KR1,2024-07-20,t
t,5,CM-SU-KribiIi,CM-SU-KR2,2024-07-20,f
t,5,CM-SU-KribiIi,cm;su;kribi.ii,2024-07-20,f
t,5,CM-SU-KribiIi,cm;su;kr2,2024-07-20,f
t,5,CM-SU-KribiIi,cm;sud;kribi.ii,2024-07-20,f
t,5,CM-SU-KribiIi,CM-KR2,2024-07-20,t
t,5,CM-SU-KyeOssi,cm;sud;kye.ossi,2024-07-20,f
t,5,CM-SU-KyeOssi,CM-SU-KOS,2024-07-20,f
t,5,CM-SU-KyeOssi,CM-KOS,2024-07-20,t
t,5,CM-SU-KyeOssi,cm;su;kye.ossi,2024-07-20,f
t,5,CM-SU-KyeOssi,cm;su;kos,2024-07-20,f
t,5,CM-SU-Lokoundje,cm;su;lok,2024-07-20,f
t,5,CM-SU-Lokoundje,cm;su;lokoundje,2024-07-20,f
t,5,CM-SU-Lokoundje,cm;sud;lokoundje,2024-07-20,f
t,5,CM-SU-Lokoundje,CM-LOK,2024-07-20,t
t,5,CM-SU-Lokoundje,CM-SU-LOK,2024-07-20,f
t,5,CM-SU-Lolodorf,cm;sud;lolodorf,2024-07-20,f
t,5,CM-SU-Lolodorf,CM-LOL,2024-07-20,t
t,5,CM-SU-Lolodorf,cm;su;lolodorf,2024-07-20,f
t,5,CM-SU-Lolodorf,cm;su;lol,2024-07-20,f
t,5,CM-SU-Lolodorf,CM-SU-LOL,2024-07-20,f
t,5,CM-SU-MaAn,CM-SU-MAA,2024-07-20,f
t,5,CM-SU-MaAn,cm;sud;ma.an,2024-07-20,f
t,5,CM-SU-MaAn,CM-MAA,2024-07-20,t
t,5,CM-SU-MaAn,cm;su;ma.an,2024-07-20,f
t,5,CM-SU-MaAn,cm;su;maa,2024-07-20,f
t,5,CM-SU-Mengong,cm;su;mgn,2024-07-20,f
t,5,CM-SU-Mengong,cm;su;mengong,2024-07-20,f
t,5,CM-SU-Mengong,CM-SU-MGN,2024-07-20,f
t,5,CM-SU-Mengong,cm;sud;mengong,2024-07-20,f
t,5,CM-SU-Mengong,CM-MGN,2024-07-20,t
t,5,CM-SU-Meyomessala,CM-MLA,2024-07-20,t
t,5,CM-SU-Meyomessala,cm;su;meyomessala,2024-07-20,f
t,5,CM-SU-Meyomessala,cm;su;mla,2024-07-20,f
t,5,CM-SU-Meyomessala,cm;sud;meyomessala,2024-07-20,f
t,5,CM-SU-Meyomessala,CM-SU-MLA,2024-07-20,f
t,5,CM-SU-Meyomessi,CM-SU-MSI,2024-07-20,f
t,5,CM-SU-Meyomessi,cm;su;meyomessi,2024-07-20,f
t,5,CM-SU-Meyomessi,cm;su;msi,2024-07-20,f
t,5,CM-SU-Meyomessi,CM-MSI,2024-07-20,t
t,5,CM-SU-Meyomessi,cm;sud;meyomessi,2024-07-20,f
t,5,CM-SU-Mintom,cm;su;mnt,2024-07-20,f
t,5,CM-SU-Mintom,cm;sud;mintom,2024-07-20,f
t,5,CM-SU-Mintom,CM-SU-MNT,2024-07-20,f
t,5,CM-SU-Mintom,cm;su;mintom,2024-07-20,f
t,5,CM-SU-Mintom,CM-MNT,2024-07-20,t
t,5,CM-SU-Mvangan,cm;sud;mvangan,2024-07-20,f
t,5,CM-SU-Mvangan,CM-SU-MVA,2024-07-20,f
t,5,CM-SU-Mvangan,cm;su;mva,2024-07-20,f
t,5,CM-SU-Mvangan,cm;su;mvangan,2024-07-20,f
t,5,CM-SU-Mvangan,CM-MVA,2024-07-20,t
t,5,CM-SU-Mvengue,CM-SU-MVE,2024-07-20,f
t,5,CM-SU-Mvengue,cm;su;mve,2024-07-20,f
t,5,CM-SU-Mvengue,cm;sud;mvengue,2024-07-20,f
t,5,CM-SU-Mvengue,cm;su;mvengue,2024-07-20,f
t,5,CM-SU-Mvengue,CM-MVE,2024-07-20,t
t,5,CM-SU-Ngoulemakong,cm;su;ngoulemakong,2024-07-20,f
t,5,CM-SU-Ngoulemakong,CM-SU-NKG,2024-07-20,f
t,5,CM-SU-Ngoulemakong,cm;su;nkg,2024-07-20,f
t,5,CM-SU-Ngoulemakong,CM-NKG,2024-07-20,t
t,5,CM-SU-Ngoulemakong,cm;sud;ngoulemakong,2024-07-20,f
t,5,CM-SU-Niete,CM-SU-NYE,2024-07-20,f
t,5,CM-SU-Niete,CM-NYE,2024-07-20,t
t,5,CM-SU-Niete,cm;sud;niete,2024-07-20,f
t,5,CM-SU-Niete,cm;su;nye,2024-07-20,f
t,5,CM-SU-Niete,cm;su;niete,2024-07-20,f
t,5,CM-SU-Olamze,cm;sud;olamze,2024-07-20,f
t,5,CM-SU-Olamze,cm;su;ola,2024-07-20,f
t,5,CM-SU-Olamze,cm;su;olamze,2024-07-20,f
t,5,CM-SU-Olamze,CM-SU-OLA,2024-07-20,f
t,5,CM-SU-Oveng,cm;su;oveng,2024-07-20,f
t,5,CM-SU-Oveng,CM-SU-OVE,2024-07-20,f
t,5,CM-SU-Oveng,CM-OVE,2024-07-20,t
t,5,CM-SU-Oveng,cm;sud;oveng,2024-07-20,f
t,5,CM-SU-Oveng,cm;su;ove,2024-07-20,f
t,5,CM-SU-Sangmelima,CM-SLA,2024-07-20,t
t,5,CM-SU-Sangmelima,CM-SU-SLA,2024-07-20,f
t,5,CM-SU-Sangmelima,cm;su;sangmelima,2024-07-20,f
t,5,CM-SU-Sangmelima,cm;su;sla,2024-07-20,f
t,5,CM-SU-Sangmelima,cm;sud;sangmelima,2024-07-20,f
t,5,CM-SU-Zoetele,CM-SU-ZOE,2024-07-20,f
t,5,CM-SU-Zoetele,cm;sud;zoetele,2024-07-20,f
t,5,CM-SU-Zoetele,cm;su;zoetele,2024-07-20,f
t,5,CM-SU-Zoetele,CM-ZOE,2024-07-20,t
t,5,CM-SU-Zoetele,cm;su;zoe,2024-07-20,f
t,5,CM-SW,cm;sud.ouest,2024-07-20,f
t,5,CM-SW,cm;sw,2024-07-20,f
t,5,CM-SW-Akwaya,cm;sw;akwaya,2024-07-20,f
t,5,CM-SW-Akwaya,CM-SW-AKW,2024-07-20,f
t,5,CM-SW-Akwaya,cm;sud.ouest;akwaya,2024-07-20,f
t,5,CM-SW-Akwaya,CM-AKW,2024-07-20,t
t,5,CM-SW-Akwaya,cm;sw;akw,2024-07-20,f
t,5,CM-SW-Alou,cm;sw;alo,2024-07-20,f
t,5,CM-SW-Alou,CM-ALO,2024-07-20,t
t,5,CM-SW-Alou,cm;sw;alou,2024-07-20,f
t,5,CM-SW-Alou,cm;sud.ouest;alou,2024-07-20,f
t,5,CM-SW-Alou,CM-SW-ALO,2024-07-20,f
t,5,CM-SW-Bamusso,CM-SW-BAU,2024-07-20,f
t,5,CM-SW-Bamusso,cm;sud.ouest;bamusso,2024-07-20,f
t,5,CM-SW-Bamusso,CM-BAU,2024-07-20,t
t,5,CM-SW-Bamusso,cm;sw;bau,2024-07-20,f
t,5,CM-SW-Bamusso,cm;sw;bamusso,2024-07-20,f
t,5,CM-SW-Bangem,cm;sw;bgm,2024-07-20,f
t,5,CM-SW-Bangem,CM-SW-BGM,2024-07-20,f
t,5,CM-SW-Bangem,cm;sud.ouest;bangem,2024-07-20,f
t,5,CM-SW-Bangem,CM-BGM,2024-07-20,t
t,5,CM-SW-Bangem,cm;sw;bangem,2024-07-20,f
t,5,CM-SW-Buea,cm;sw;bue,2024-07-20,f
t,5,CM-SW-Buea,CM-SW-BUE,2024-07-20,f
t,5,CM-SW-Buea,cm;sw;buea,2024-07-20,f
t,5,CM-SW-Buea,CM-BUE,2024-07-20,t
t,5,CM-SW-Buea,cm;sud.ouest;buea,2024-07-20,f
t,5,CM-SW-DikomeBalue,CM-SW-DKE,2024-07-20,f
t,5,CM-SW-DikomeBalue,cm;sw;dke,2024-07-20,f
t,5,CM-SW-DikomeBalue,cm;sud.ouest;dikome.balue,2024-07-20,f
t,5,CM-SW-DikomeBalue,CM-DKE,2024-07-20,t
t,5,CM-SW-DikomeBalue,cm;sw;dikome.balue,2024-07-20,f
t,5,CM-SW-EkondoTiti,cm;sw;ekondo.titi,2024-07-20,f
t,5,CM-SW-EkondoTiti,CM-SW-EKT,2024-07-20,f
t,5,CM-SW-EkondoTiti,cm;sw;ekt,2024-07-20,f
t,5,CM-SW-EkondoTiti,CM-EKT,2024-07-20,t
t,5,CM-SW-EkondoTiti,cm;sud.ouest;ekondo.titi,2024-07-20,f
t,5,CM-SW-Eyumodjock,cm;sud.ouest;eyumodjock,2024-07-20,f
t,5,CM-SW-Eyumodjock,cm;sw;eyu,2024-07-20,f
t,5,CM-SW-Eyumodjock,CM-SW-EYU,2024-07-20,f
t,5,CM-SW-Eyumodjock,CM-EYU,2024-07-20,t
t,5,CM-SW-Eyumodjock,cm;sw;eyumodjock,2024-07-20,f
t,5,CM-SW-Idabato,cm;sw;ida,2024-07-20,f
t,5,CM-SW-Idabato,cm;sud.ouest;idabato,2024-07-20,f
t,5,CM-SW-Idabato,cm;sw;idabato,2024-07-20,f
t,5,CM-SW-Idabato,CM-SW-IDA,2024-07-20,f
t,5,CM-SW-Idabato,CM-IDA,2024-07-20,t
t,5,CM-SW-Idenau,cm;sw;idenau,2024-07-20,f
t,5,CM-SW-Idenau,cm;sw;ide,2024-07-20,f
t,5,CM-SW-Idenau,cm;sud.ouest;idenau,2024-07-20,f
t,5,CM-SW-Idenau,CM-IDE,2024-07-20,t
t,5,CM-SW-Idenau,CM-SW-IDE,2024-07-20,f
t,5,CM-SW-Isanguele,CM-ISA,2024-07-20,t
t,5,CM-SW-Isanguele,cm;sw;isa,2024-07-20,f
t,5,CM-SW-Isanguele,cm;sw;isanguele,2024-07-20,f
t,5,CM-SW-Isanguele,CM-SW-ISA,2024-07-20,f
t,5,CM-SW-Isanguele,cm;sud.ouest;isanguele,2024-07-20,f
t,5,CM-SW-KomboAbedimo,CM-SW-KAB,2024-07-20,f
t,5,CM-SW-KomboAbedimo,CM-KAB,2024-07-20,t
t,5,CM-SW-KomboAbedimo,cm;sw;kab,2024-07-20,f
t,5,CM-SW-KomboAbedimo,cm;sw;kombo.abedimo,2024-07-20,f
t,5,CM-SW-KomboAbedimo,cm;sud.ouest;kombo.abedimo,2024-07-20,f
t,5,CM-SW-KomboItindi,CM-KET,2024-07-20,t
t,5,CM-SW-KomboItindi,cm;sw;ket,2024-07-20,f
t,5,CM-SW-KomboItindi,CM-SW-KET,2024-07-20,f
t,5,CM-SW-KomboItindi,cm;sw;kombo.itindi,2024-07-20,f
t,5,CM-SW-KomboItindi,cm;sud.ouest;kombo.itindi,2024-07-20,f
t,5,CM-SW-Konye,CM-KYE,2024-07-20,t
t,5,CM-SW-Konye,CM-SW-KYE,2024-07-20,f
t,5,CM-SW-Konye,cm;sud.ouest;konye,2024-07-20,f
t,5,CM-SW-Konye,cm;sw;konye,2024-07-20,f
t,5,CM-SW-Konye,cm;sw;kye,2024-07-20,f
t,5,CM-SW-KumbaI,CM-SW-KU1,2024-07-20,f
t,5,CM-SW-KumbaI,cm;sud.ouest;kumba.i,2024-07-20,f
t,5,CM-SW-KumbaI,cm;sw;ku1,2024-07-20,f
t,5,CM-SW-KumbaI,CM-KU1,2024-07-20,t
t,5,CM-SW-KumbaI,cm;sw;kumba.i,2024-07-20,f
t,5,CM-SW-KumbaIi,cm;sud.ouest;kumba.ii,2024-07-20,f
t,5,CM-SW-KumbaIi,cm;sw;ku2,2024-07-20,f
t,5,CM-SW-KumbaIi,cm;sw;kumba.ii,2024-07-20,f
t,5,CM-SW-KumbaIi,CM-KU2,2024-07-20,t
t,5,CM-SW-KumbaIi,CM-SW-KU2,2024-07-20,f
t,5,CM-SW-KumbaIii,cm;sud.ouest;kumba.iii,2024-07-20,f
t,5,CM-SW-KumbaIii,cm;sw;kumba.iii,2024-07-20,f
t,5,CM-SW-KumbaIii,cm;sw;ku3,2024-07-20,f
t,5,CM-SW-KumbaIii,CM-KU3,2024-07-20,t
t,5,CM-SW-KumbaIii,CM-SW-KU3,2024-07-20,f
t,5,CM-SW-LimbeI,cm;sud.ouest;limbe.i,2024-07-20,f
t,5,CM-SW-LimbeI,CM-LE1,2024-07-20,t
t,5,CM-SW-LimbeI,CM-SW-LE1,2024-07-20,f
t,5,CM-SW-LimbeI,cm;sw;le1,2024-07-20,f
t,5,CM-SW-LimbeI,cm;sw;limbe.i,2024-07-20,f
t,5,CM-SW-LimbeIi,cm;sud.ouest;limbe.ii,2024-07-20,f
t,5,CM-SW-LimbeIi,CM-LE2,2024-07-20,t
t,5,CM-SW-LimbeIi,cm;sw;limbe.ii,2024-07-20,f
t,5,CM-SW-LimbeIi,cm;sw;le2,2024-07-20,f
t,5,CM-SW-LimbeIi,CM-SW-LE2,2024-07-20,f
t,5,CM-SW-LimbeIii,CM-LE3,2024-07-20,t
t,5,CM-SW-LimbeIii,cm;sw;limbe.iii,2024-07-20,f
t,5,CM-SW-LimbeIii,CM-SW-LE3,2024-07-20,f
t,5,CM-SW-LimbeIii,cm;sw;le3,2024-07-20,f
t,5,CM-SW-LimbeIii,cm;sud.ouest;limbe.iii,2024-07-20,f
t,5,CM-SW-Mamfe,cm;sw;mam,2024-07-20,f
t,5,CM-SW-Mamfe,CM-MAM,2024-07-20,t
t,5,CM-SW-Mamfe,cm;sud.ouest;mamfe,2024-07-20,f
t,5,CM-SW-Mamfe,CM-SW-MAM,2024-07-20,f
t,5,CM-SW-Mamfe,cm;sw;mamfe,2024-07-20,f
t,5,CM-SW-Mbonge,CM-SW-MGE,2024-07-20,f
t,5,CM-SW-Mbonge,cm;sw;mge,2024-07-20,f
t,5,CM-SW-Mbonge,cm;sud.ouest;mbonge,2024-07-20,f
t,5,CM-SW-Mbonge,CM-MGE,2024-07-20,t
t,5,CM-SW-Mbonge,cm;sw;mbonge,2024-07-20,f
t,5,CM-SW-Menji,CM-MNJ,2024-07-20,t
t,5,CM-SW-Menji,cm;sw;mnj,2024-07-20,f
t,5,CM-SW-Menji,CM-SW-MNJ,2024-07-20,f
t,5,CM-SW-Menji,cm;sud.ouest;menji,2024-07-20,f
t,5,CM-SW-Menji,cm;sw;menji,2024-07-20,f
t,5,CM-SW-Mudemba,CM-MUN,2024-07-20,t
t,5,CM-SW-Mudemba,cm;sud.ouest;mudemba,2024-07-20,f
t,5,CM-SW-Mudemba,cm;sw;mudemba,2024-07-20,f
t,5,CM-SW-Mudemba,cm;sw;mun,2024-07-20,f
t,5,CM-SW-Mudemba,CM-SW-MUN,2024-07-20,f
t,5,CM-SW-Muyuka,cm;sw;muyuka,2024-07-20,f
t,5,CM-SW-Muyuka,CM-MUY,2024-07-20,t
t,5,CM-SW-Muyuka,CM-SW-MUY,2024-07-20,f
t,5,CM-SW-Muyuka,cm;sud.ouest;muyuka,2024-07-20,f
t,5,CM-SW-Muyuka,cm;sw;muy,2024-07-20,f
t,5,CM-SW-Nguti,cm;sud.ouest;nguti,2024-07-20,f
t,5,CM-SW-Nguti,cm;sw;nti,2024-07-20,f
t,5,CM-SW-Nguti,cm;sw;nguti,2024-07-20,f
t,5,CM-SW-Nguti,CM-NTI,2024-07-20,t
t,5,CM-SW-Nguti,CM-SW-NTI,2024-07-20,f
t,5,CM-SW-Tiko,CM-TIK,2024-07-20,t
t,5,CM-SW-Tiko,CM-SW-TIK,2024-07-20,f
t,5,CM-SW-Tiko,cm;sw;tik,2024-07-20,f
t,5,CM-SW-Tiko,cm;sw;tiko,2024-07-20,f
t,5,CM-SW-Tiko,cm;sud.ouest;tiko,2024-07-20,f
t,5,CM-SW-Tinto,cm;sw;tin,2024-07-20,f
t,5,CM-SW-Tinto,CM-SW-TIN,2024-07-20,f
t,5,CM-SW-Tinto,cm;sud.ouest;tinto,2024-07-20,f
t,5,CM-SW-Tinto,cm;sw;tinto,2024-07-20,f
t,5,CM-SW-Tinto,CM-TIN,2024-07-20,t
t,5,CM-SW-Toko,cm;sw;toko,2024-07-20,f
t,5,CM-SW-Toko,CM-TKO,2024-07-20,t
t,5,CM-SW-Toko,cm;sud.ouest;toko,2024-07-20,f
t,5,CM-SW-Toko,cm;sw;tko,2024-07-20,f
t,5,CM-SW-Toko,CM-SW-TKO,2024-07-20,f
t,5,CM-SW-Tombel,CM-SW-TOM,2024-07-20,f
t,5,CM-SW-Tombel,cm;sw;tom,2024-07-20,f
t,5,CM-SW-Tombel,cm;sw;tombel,2024-07-20,f
t,5,CM-SW-Tombel,cm;sud.ouest;tombel,2024-07-20,f
t,5,CM-SW-Tombel,CM-TOM,2024-07-20,t
t,5,CM-SW-Wabane,CM-SW-WAB,2024-07-20,f
t,5,CM-SW-Wabane,cm;sw;wabane,2024-07-20,f
t,5,CM-SW-Wabane,cm;sud.ouest;wabane,2024-07-20,f
t,5,CM-SW-Wabane,CM-WAB,2024-07-20,t
t,5,CM-SW-Wabane,cm;sw;wab,2024-07-20,f
